source;target;weight
HYDROL_PROCESS;J_HYDROL;68
J_HYDROL;HYDROL_PROCESS;45
WATER_RESOUR_RES;J_HYDROL;38
EARTH_SURF_PROCESS_LANDF;GEOMORPHOLOGY;36
HYDROL_EARTH_SYST_SCI;J_HYDROL;31
ENVIRON_POLLUT;ENVIRON_SCI_TECHNOL;31
J_HYDROL;WATER_RESOUR_RES;27
HYDROL_EARTH_SYST_SCI;WATER_RESOUR_RES;24
SCI_TOTAL_ENVIR;ENVIRON_POLLUT;24
ESTUAR_COAST_SHELF_SCI;CONT_SHELF_RES;22
HYDROBIOLOGIA;FRESHWATER_BIOL;21
ENVIRON_TOXICOL_CHEM;ENVIRON_SCI_TECHNOL;21
SCI_TOTAL_ENVIR;J_HYDROL;20
WATER_RESOUR_RES;GEOPHYS_RES_LETT;20
WATER_RESOUR_RES;HYDROL_PROCESS;20
MAR_FRESHWATER_RES;FRESHWATER_BIOL;18
EARTH_SURF_PROCESS_LANDF;WATER_RESOUR_RES;18
GEOPHYS_RES_LETT;WATER_RESOUR_RES;18
J_N_AMER_BENTHOL_SOC;FRESHWATER_BIOL;18
FUNDAM_APPL_LIMNOL;FRESHWATER_BIOL;17
MAR_GEOLOGY;CONT_SHELF_RES;17
ESTUAR_COAST_SHELF_SCI;HYDROBIOLOGIA;17
GEOMORPHOLOGY;WATER_RESOUR_RES;16
WATER_RESOUR_RES;GEOMORPHOLOGY;15
J_FISH_BIOL;HYDROBIOLOGIA;15
FRESHWATER_BIOL;HYDROBIOLOGIA;13
FUNDAM_APPL_LIMNOL;HYDROBIOLOGIA;13
WATER_RES;ENVIRON_SCI_TECHNOL;13
NORTH_AM_J_FISH_MANAGE;J_APPL_ICHTHYOL;12
SCI_TOTAL_ENVIR;ENVIRON_SCI_TECHNOL;12
GEOMORPHOLOGY;ENVIRON_GEOL;12
RIVER_RES_APPL;HYDROBIOLOGIA;12
ENVIRON_TOXICOL_CHEM;ENVIRON_POLLUT;12
ENVIRON_SCI_TECHNOL;ENVIRON_POLLUT;12
J_HYDROL;RIVER_RES_APPL;12
EARTH_SURF_PROCESS_LANDF;J_HYDROL;12
SCI_TOTAL_ENVIR;APPL_GEOCHEM;12
ESTUAR_COAST_SHELF_SCI;MAR_CHEM;11
J_FISH_BIOL;ECOL_FRESHW_FISH;11
SCI_TOTAL_ENVIR;WATER_RES;11
GEOCHIM_COSMOCHIM_ACTA;MAR_CHEM;11
HYDROL_PROCESS;WATER_RESOUR_RES;11
HYDROL_EARTH_SYST_SCI;HYDROLOG_SCI_J;11
ENVIRON_SCI_TECHNOL;ENVIRON_TOXICOL_CHEM;11
ECOL_FRESHW_FISH;J_FISH_BIOL;11
CONT_SHELF_RES;MAR_CHEM;11
J_FISH_BIOL;ENVIRON_BIOL_FISH;11
J_FISH_BIOL;MOL_ECOL;11
SCI_TOTAL_ENVIR;HYDROL_PROCESS;11
J_HYDROL;GEOPHYS_RES_LETT;10
RIVER_RES_APPL;FRESHWATER_BIOL;10
WATER_RESOUR_RES;RIVER_RES_APPL;10
J_HYDROL;ADV_WATER_RESOUR;10
TRANS_AMER_FISH_SOC;ENVIRON_BIOL_FISH;10
J_HYDROL;HYDROLOG_SCI_J;10
GEOCHIM_COSMOCHIM_ACTA;ORG_GEOCHEM;10
CHEM_GEOL;APPL_GEOCHEM;9
LIMNOL_OCEANOGR;MAR_CHEM;9
CATENA;GEOMORPHOLOGY;9
MAR_FRESHWATER_RES;RIVER_RES_APPL;9
HYDROL_EARTH_SYST_SCI;HYDROL_PROCESS;9
CONT_SHELF_RES;J_MARINE_SYST;9
CAN_J_FISHERIES_AQUAT_SCI;HYDROBIOLOGIA;9
WATER_ENVIRON_RES;ENVIRON_SCI_TECHNOL;9
CAN_J_FISHERIES_AQUAT_SCI;MOL_ECOL;9
ENVIRON_POLLUT;ENVIRON_TOXICOL_CHEM;9
J_APPL_ECOL;FRESHWATER_BIOL;9
DEEP-SEA_RES_PT_I-OCEANOG_RES;CONT_SHELF_RES;9
AQUAT_SCI;FRESHWATER_BIOL;9
AQUAT_SCI;WATER_RESOUR_RES;9
J_ENVIRON_QUAL;J_HYDROL;9
EARTH_SURF_PROCESS_LANDF;CATENA;9
ADV_WATER_RESOUR;WATER_RESOUR_RES;8
AQUAT_SCI;RIVER_RES_APPL;8
J_HYDROL_ENG;J_HYDROL;8
MAR_FRESHWATER_RES;J_FISH_BIOL;8
GEOMORPHOLOGY;CATENA;8
FRESHWATER_BIOL;BIOL_CONSERV;8
FRESHWATER_BIOL;MOL_ECOL;8
CAN_J_FISHERIES_AQUAT_SCI;J_FISH_BIOL;8
GEOMORPHOLOGY;SEDIMENT_GEOL;8
ENVIRON_MONIT_ASSESS;ENVIRON_MODELL_SOFTW;8
MAR_ECOL-PROGR_SER;CONT_SHELF_RES;8
J_HYDROL;GROUND_WATER;8
ENG_GEOL;ENVIRON_GEOL;8
APPL_GEOCHEM;CHEM_GEOL;8
SCI_TOTAL_ENVIR;ENVIRON_TOXICOL_CHEM;8
WATER_RESOUR_RES;ADV_WATER_RESOUR;8
GLOBAL_BIOGEOCHEM_CYCLE;GEOPHYS_RES_LETT;8
APPL_GEOCHEM;ENVIRON_SCI_TECHNOL;8
AQUAT_CONSERV;FRESHWATER_BIOL;8
OCEANOGRAPHY;CONT_SHELF_RES;8
HYDROBIOLOGIA;RIVER_RES_APPL;8
TRANS_AMER_FISH_SOC;J_APPL_ICHTHYOL;8
FRESEN_ENVIRON_BULL;ENVIRON_MONIT_ASSESS;8
N_AM_J_AQUACULT;ENVIRON_BIOL_FISH;8
ECOHYDROLOGY;GEOMORPHOLOGY;8
GEOCHIM_COSMOCHIM_ACTA;CHEM_GEOL;8
J_HYDROL;ENVIRON_GEOL;8
TRANS_AMER_FISH_SOC;ECOL_FRESHW_FISH;7
MAR_FRESHWATER_RES;BIOL_CONSERV;7
MAR_FRESHWATER_RES;ECOL_FRESHW_FISH;7
J_HYDROL;INT_J_CLIMATOL;7
GEOCHIM_COSMOCHIM_ACTA;CONT_SHELF_RES;7
FUNDAM_APPL_LIMNOL;BIOL_INVASIONS;7
ENVIRON_GEOL;ENVIRON_MONIT_ASSESS;7
WATER_RESOUR_RES;FRESHWATER_BIOL;7
RIVER_RES_APPL;WATER_RESOUR_RES;7
J_SOIL_WATER_CONSERV;J_ENVIRON_QUAL;7
AQUAT_ECOL;FRESHWATER_BIOL;7
ORG_GEOCHEM;MAR_CHEM;7
GEOMORPHOLOGY;GLOBAL_PLANET_CHANGE;7
SEDIMENT_GEOL;SEDIMENTOLOGY;7
NEOTROP_ICHTHYOL;HYDROBIOLOGIA;7
ECOHYDROLOGY;RIVER_RES_APPL;7
WATER_SCI_TECHNOL;ENVIRON_MONIT_ASSESS;7
TRANS_AMER_FISH_SOC;CONSERV_GENET;7
ENVIRON_SCI_TECHNOL;WATER_RES;7
J_AM_WATER_RESOUR_ASSOC;J_HYDROL;7
ESTUAR_COAST_SHELF_SCI;ENVIRON_MONIT_ASSESS;7
J_HYDROL;ENVIRON_POLLUT;7
J_FISH_BIOL;RIVER_RES_APPL;7
CATENA;J_HYDROL;7
J_FISH_BIOL;FRESHWATER_BIOL;6
NORTH_AM_J_FISH_MANAGE;FISHERIES_MANAG_ECOL;6
SCI_TOTAL_ENVIR;WATER_RESOUR_RES;6
MAR_GEOLOGY;GEOMORPHOLOGY;6
ADV_WATER_RESOUR;J_HYDROL;6
SENSORS;J_ENVIRON_MANAGE;6
WATER_RESOUR_MANAG;ENVIRON_MODELL_SOFTW;6
RIVER_RES_APPL;HYDROL_PROCESS;6
FRESHWATER_BIOL;RIVER_RES_APPL;6
EARTH_SURF_PROCESS_LANDF;RIVER_RES_APPL;6
HYDROL_PROCESS;J_HYDROL_ENG;6
MAR_CHEM;CONT_SHELF_RES;6
MAR_CHEM;LIMNOL_OCEANOGR;6
GEOMORPHOLOGY;GEOLOGY;6
RIVER_RES_APPL;GEOMORPHOLOGY;6
AQUAT_CONSERV;RIVER_RES_APPL;6
GEOPHYS_RES_LETT;HYDROL_PROCESS;6
INT_REV_HYDROBIOL;FRESHWATER_BIOL;6
WATER_RESOUR_RES;J_HYDROL_ENG;6
ECOL_FRESHW_FISH;FRESHWATER_BIOL;6
FRESHWATER_BIOL;ENVIRON_MANAGE;6
NORTH_AM_J_FISH_MANAGE;CONSERV_GENET;6
J_FISH_BIOL;ICES_J_MAR_SCI;6
J_HYDROL;ENVIRON_MODELL_SOFTW;6
WATER_RESOUR_MANAG;HYDROL_PROCESS;6
J_HYDROL;J_HYDROL_ENG;6
BIOGEOSCIENCES;CONT_SHELF_RES;6
ECOL_FRESHW_FISH;NEOTROP_ICHTHYOL;6
BIOGEOSCIENCES;BIOGEOCHEMISTRY;6
ENVIRON_SCI_TECHNOL;LIMNOL_OCEANOGR;6
ECOHYDROLOGY;FRESHWATER_BIOL;6
ECOL_FRESHW_FISH;ENVIRON_BIOL_FISH;6
EARTH_SURF_PROCESS_LANDF;GEOLOGY;6
GEOMORPHOLOGY;J_HYDROL;6
SCI_TOTAL_ENVIR;HYDROBIOLOGIA;6
J_HYDROMETEOROL;J_HYDROL;6
EARTH_PLANET_SCI_LETT;GEOLOGY;6
MAR_CHEM;ORG_GEOCHEM;6
CAN_J_FISHERIES_AQUAT_SCI;RIVER_RES_APPL;6
J_HYDROL;APPL_GEOCHEM;6
GEOCHIM_COSMOCHIM_ACTA;LIMNOL_OCEANOGR;5
MAR_POLLUT_BULL;ENVIRON_POLLUT;5
ESTUARIES_COASTS;CONT_SHELF_RES;5
FRESHWATER_BIOL;J_APPL_ECOL;5
SCI_TOTAL_ENVIR;MAR_CHEM;5
CONT_SHELF_RES;GEOMORPHOLOGY;5
J_ENVIRON_QUAL;ENVIRON_SCI_TECHNOL;5
QUATERN_INT;GEOMORPHOLOGY;5
SCI_TOTAL_ENVIR;J_ENVIRON_MANAGE;5
HYDROL_PROCESS;CATENA;5
WATER_RES;J_HYDROL;5
ESTUAR_COAST_SHELF_SCI;LIMNOL_OCEANOGR;5
J_CLIMATE;GEOPHYS_RES_LETT;5
ENVIRON_POLLUT;ENVIRON_MONIT_ASSESS;5
NORTH_AM_J_FISH_MANAGE;CONSERV_BIOL;5
ECOHYDROLOGY;J_HYDROL;5
HYDROBIOLOGIA;NORTHWEST_SCI;5
EARTH_SURF_PROCESS_LANDF;EARTH-SCI_REV;5
WATER_RESOUR_RES;SEDIMENTOLOGY;5
LIMNOL_OCEANOGR;FRESHWATER_BIOL;5
J_HYDROL;GEOMORPHOLOGY;5
QUATERNARY_SCI_REV;GEOMORPHOLOGY;5
ESTUAR_COAST_SHELF_SCI;MAR_POLLUT_BULL;5
J_HYDROMETEOROL;J_CLIMATE;5
ECOL_FRESHW_FISH;RIVER_RES_APPL;5
STOCH_ENVIRON_RES_RISK_ASSESS;HYDROL_PROCESS;5
J_FRESHWATER_ECOL;J_GREAT_LAKES_RES;5
ENVIRON_MODELL_SOFTW;ECOL_MODEL;5
ENVIRON_TOXICOL_CHEM;J_HYDROL;5
EARTH_SURF_PROCESS_LANDF;GEOPHYS_RES_LETT;5
ENVIRON_MONIT_ASSESS;J_ENVIRON_MANAGE;5
HYDROGEOL_J;J_HYDROL;5
J_HYDROL;REMOTE_SENS_ENVIRON;5
HYDROL_PROCESS;RIVER_RES_APPL;5
MAR_FRESHWATER_RES;J_HYDROL;5
SCI_TOTAL_ENVIR;AMBIO;5
PALAEOGEOGR_PALAEOCLIMATOL;SEDIMENT_GEOL;5
BIOGEOSCIENCES;ENVIRON_POLLUT;5
MAR_POLLUT_BULL;ENVIRON_SCI_TECHNOL;5
ENVIRON_MANAGE;HYDROBIOLOGIA;5
J_HYDROL;HYDROGEOL_J;5
GEOL_SOC_AMER_BULL;GEOLOGY;5
WATER_RESOUR_RES;GLOBAL_PLANET_CHANGE;5
GEOPHYS_RES_LETT;J_HYDROL;5
LIMNOL_OCEANOGR;WATER_RESOUR_RES;5
WATER_RESOUR_MANAG;ENVIRON_POLLUT;5
CONSERV_BIOL;NEOTROP_ICHTHYOL;5
CAN_J_FISHERIES_AQUAT_SCI;ENVIRON_BIOL_FISH;5
AQUAT_SCI;GEOMORPHOLOGY;5
BIOL_CONSERV;FRESHWATER_BIOL;5
J_HYDROL;ENVIRON_SCI_TECHNOL;5
GEOMORPHOLOGY;QUATERN_INT;5
ENVIRON_POLLUT;WATER_RES;5
SCI_TOTAL_ENVIR;FRESHWATER_BIOL;5
J_HYDROL;J_ENVIRON_QUAL;5
EARTH_SURF_PROCESS_LANDF;ENVIRON_GEOL;5
QUATERNARY_SCI_REV;J_QUATERNARY_SCI;5
ENVIRON_MODELL_SOFTW;J_HYDROL;5
SCI_TOTAL_ENVIR;BIOGEOCHEMISTRY;5
MAR_POLLUT_BULL;ENVIRON_MONIT_ASSESS;5
GLOBAL_PLANET_CHANGE;QUATERN_INT;5
OECOLOGIA;FRESHWATER_BIOL;5
HYDROL_PROCESS;ENVIRON_SCI_TECHNOL;5
HYDROL_PROCESS;HYDROL_RES;5
CHEM_GEOL;HYDROL_PROCESS;5
WATER_RESOUR_MANAG;J_HYDROL;5
ENVIRON_MONIT_ASSESS;ENVIRON_POLLUT;5
ENVIRON_POLLUT;MAR_POLLUT_BULL;5
J_PHYS_OCEANOGR;GEOPHYS_RES_LETT;5
HYDROBIOLOGIA;ECOLOGY;5
J_MARINE_SYST;CONT_SHELF_RES;5
HYDROLOG_SCI_J;J_HYDROL;5
INT_REV_HYDROBIOL;HYDROBIOLOGIA;5
CAN_J_FISHERIES_AQUAT_SCI;CONSERV_GENET;5
SCI_TOTAL_ENVIR;ENVIRON_MONIT_ASSESS;5
NAT_HAZARDS_EARTH_SYST_SCI;J_HYDROL;5
J_HYDROL_ENG;HYDROLOG_SCI_J;5
FRESHWATER_BIOL;AQUAT_BOT;5
FISHERIES_MANAG_ECOL;J_APPL_ICHTHYOL;5
REMOTE_SENS_ENVIRON;J_HYDROL;4
ECOL_FRESHW_FISH;MAR_FRESHWATER_RES;4
NORTH_AM_J_FISH_MANAGE;FISHERIES;4
HYDROL_PROCESS;ENVIRON_GEOL;4
WATER_AIR_SOIL_POLLUT;ENVIRON_GEOL;4
HYDROL_PROCESS;GEOPHYS_RES_LETT;4
GEOCHIM_COSMOCHIM_ACTA;APPL_GEOCHEM;4
J_AM_WATER_RESOUR_ASSOC;WATER_RESOUR_RES;4
J_APPL_ICHTHYOL;HYDROBIOLOGIA;4
J_FRESHWATER_ECOL;FRESHWATER_BIOL;4
HYDROBIOLOGIA;J_FISH_BIOL;4
BIOL_J_LINN_SOC;MOL_ECOL;4
FRESEN_ENVIRON_BULL;MAR_CHEM;4
MAR_GEOLOGY;SEDIMENT_GEOL;4
CONT_SHELF_RES;GEOPHYS_RES_LETT;4
FISHERIES_MANAG_ECOL;FRESHWATER_BIOL;4
CHEM_GEOL;BIOGEOCHEMISTRY;4
HYDROL_PROCESS;J_HYDROMETEOROL;4
AMBIO;GEOMORPHOLOGY;4
ESTUARIES_COASTS;MAR_CHEM;4
CAN_WATER_RESOUR_J;HYDROL_PROCESS;4
J_N_AMER_BENTHOL_SOC;ECOSYSTEMS;4
ENVIRON_MONIT_ASSESS;MAR_POLLUT_BULL;4
CONT_SHELF_RES;PROG_OCEANOGR;4
ENVIRON_MONIT_ASSESS;FRESHWATER_BIOL;4
GEOLOGY;GEOMORPHOLOGY;4
ESTUARIES_COASTS;LIMNOL_OCEANOGR;4
OCEANOGRAPHY;J_PHYS_OCEANOGR;4
HYDROL_PROCESS;WATER_RES;4
HYDROBIOLOGIA;GEOMORPHOLOGY;4
J_HYDROL_ENG;HYDROL_PROCESS;4
ECOL_MODEL;J_HYDROL;4
BIOGEOCHEMISTRY;ENVIRON_SCI_TECHNOL;4
GLOBAL_BIOGEOCHEM_CYCLE;WATER_RESOUR_RES;4
FRESHWATER_BIOL;FISHERIES_MANAG_ECOL;4
HYDROL_PROCESS;ECOHYDROLOGY;4
J_HYDROL;J_ARID_ENVIRON;4
J_FRESHWATER_ECOL;BIOL_INVASIONS;4
EARTH_PLANET_SCI_LETT;MAR_CHEM;4
GLOBAL_PLANET_CHANGE;QUATERNARY_SCI_REV;4
J_ENVIRON_QUAL;ENVIRON_POLLUT;4
BIOSCIENCE;FRESHWATER_BIOL;4
J_HYDROL;BIOGEOCHEMISTRY;4
MAR_GEOLOGY;GEOLOGY;4
RIVER_RES_APPL;ECOL_APPL;4
CAN_J_FISHERIES_AQUAT_SCI;ECOL_APPL;4
HYDROL_RES;J_HYDROL;4
MAR_GEOLOGY;J_MARINE_SYST;4
INT_J_SEDIMENT_RES;GEOMORPHOLOGY;4
FISHERIES_MANAG_ECOL;J_FISH_BIOL;4
J_APPL_ECOL;BIOL_CONSERV;4
HYDROLOG_SCI_J;ENVIRON_MODELL_SOFTW;4
BIOGEOSCIENCES;GEOPHYS_RES_LETT;4
APPL_GEOCHEM;MAR_CHEM;4
J_APPL_ECOL;MOL_ECOL;4
HYDROL_EARTH_SYST_SCI;APPL_GEOCHEM;4
GEOCHIM_COSMOCHIM_ACTA;GEOPHYS_RES_LETT;4
MAR_FRESHWATER_RES;HYDROBIOLOGIA;4
SCI_TOTAL_ENVIR;QUATERN_INT;4
ENVIRON_POLLUT;CATENA;4
GEOMORPHOLOGY;ENG_GEOL;4
ENVIRON_MONIT_ASSESS;ENVIRON_SCI_TECHNOL;4
ECOHYDROLOGY;WATER_RESOUR_RES;4
ECOL_APPL;FRESHWATER_BIOL;4
FISHERIES_MANAG_ECOL;RIVER_RES_APPL;4
FRESHWATER_BIOL;BIOL_INVASIONS;4
MAR_CHEM;J_MARINE_SYST;4
ENVIRON_SCI_TECHNOL;APPL_GEOCHEM;4
J_AM_WATER_RESOUR_ASSOC;FRESHWATER_BIOL;4
CONSERV_GENET;MOL_ECOL;4
J_ENVIRON_MANAGE;J_HYDROL;4
SCI_TOTAL_ENVIR;CHEM_GEOL;4
TRANS_AMER_FISH_SOC;CONSERV_BIOL;4
APPL_ENVIRON_MICROBIOL;FRESHWATER_BIOL;4
NORTH_AM_J_FISH_MANAGE;RIVER_RES_APPL;4
SCI_TOTAL_ENVIR;AQUAT_CONSERV;4
GLOBAL_PLANET_CHANGE;WATER_RESOUR_RES;4
J_ENVIRON_MANAGE;ENVIRON_MANAGE;4
ECOHYDROLOGY;ECOL_APPL;4
GEOMORPHOLOGY;GEOPHYS_RES_LETT;4
CHEM_GEOL;MAR_CHEM;4
GLOBAL_PLANET_CHANGE;J_HYDROL;4
CHEM_GEOL;QUATERN_INT;4
OCEANOGRAPHY;GEOPHYS_RES_LETT;4
ECOL_MODEL;FRESHWATER_BIOL;4
HYDROBIOLOGIA;AQUAT_ECOL;4
WATER_AIR_SOIL_POLLUT;ENVIRON_SCI_TECHNOL;4
ORG_GEOCHEM;GEOPHYS_RES_LETT;4
FISHERIES_MANAG_ECOL;ECOL_FRESHW_FISH;4
EARTH_PLANET_SCI_LETT;CHEM_GEOL;4
HYDROL_EARTH_SYST_SCI;GEOMORPHOLOGY;4
AQUAT_SCI;HYDROBIOLOGIA;4
GEOCHIM_COSMOCHIM_ACTA;ENVIRON_SCI_TECHNOL;4
ESTUAR_COAST_SHELF_SCI;ENVIRON_POLLUT;4
ESTUAR_COAST_SHELF_SCI;J_MARINE_SYST;4
ECOSYSTEMS;FRESHWATER_BIOL;4
ECOSYSTEMS;GEOPHYS_RES_LETT;4
FRESHWATER_BIOL;HYDROL_PROCESS;4
AQUAT_BOT;FRESHWATER_BIOL;4
EVOL_APPL;MOL_ECOL;4
FRESHWATER_BIOL;J_FISH_BIOL;4
BIOL_CONSERV;AQUAT_CONSERV;4
ESTUAR_COAST_SHELF_SCI;ENVIRON_SCI_TECHNOL;4
BIOGEOCHEMISTRY;J_HYDROL;4
ENVIRON_GEOL;J_HYDROL;4
WATER_SCI_TECHNOL;J_ENVIRON_MANAGE;4
WATER_RESOUR_MANAG;PHYS_CHEM_EARTH;4
TRANS_AMER_FISH_SOC;FISHERIES;4
APPL_GEOCHEM;J_HYDROL;4
J_AM_WATER_RESOUR_ASSOC;HYDROL_PROCESS;4
J_FISH_BIOL;FISHERIES_MANAG_ECOL;4
WATER_AIR_SOIL_POLLUT;ENVIRON_MONIT_ASSESS;4
J_APPL_ICHTHYOL;ENVIRON_BIOL_FISH;4
ESTUAR_COAST_SHELF_SCI;AQUAT_CONSERV;4
WATER_RES;ENVIRON_MONIT_ASSESS;4
HYDROLOG_SCI_J;HYDROL_PROCESS;4
MOL_ECOL;CONSERV_GENET;4
TRANS_AMER_FISH_SOC;RIVER_RES_APPL;4
MAR_FRESHWATER_RES;ENVIRON_POLLUT;4
EARTH_PLANET_SCI_LETT;GEOPHYS_RES_LETT;4
J_N_AMER_BENTHOL_SOC;RIVER_RES_APPL;4
FISHERIES_MANAG_ECOL;HYDROBIOLOGIA;3
J_HYDROL;WATER_RESOUR_MANAG;3
RIVER_RES_APPL;ENVIRON_MODELL_SOFTW;3
BIOGEOCHEMISTRY;WATER_RESOUR_RES;3
FUNCT_ECOL;PLANT_ECOL;3
GEOCHIM_COSMOCHIM_ACTA;GEOLOGY;3
EARTH_SURF_PROCESS_LANDF;INT_J_SEDIMENT_RES;3
ECOL_APPL;ENVIRON_SCI_TECHNOL;3
WATER_AIR_SOIL_POLLUT;ENVIRON_POLLUT;3
ECOL_FRESHW_FISH;CONSERV_GENET;3
J_N_AMER_BENTHOL_SOC;HYDROBIOLOGIA;3
CONT_SHELF_RES;ENVIRON_SCI_TECHNOL;3
GEODERMA;ENVIRON_POLLUT;3
J_AM_WATER_RESOUR_ASSOC;ENVIRON_GEOL;3
ESTUAR_COAST_SHELF_SCI;BIOGEOSCIENCES;3
SOUTHEAST_NAT;J_FISH_BIOL;3
WATER_RESOUR_RES;ENVIRON_SCI_TECHNOL;3
ENVIRON_GEOL;APPL_GEOCHEM;3
TRANS_AMER_FISH_SOC;MOL_ECOL;3
REMOTE_SENS_ENVIRON;GEOMORPHOLOGY;3
ECOL_APPL;J_GREAT_LAKES_RES;3
LIMNOL_OCEANOGR;ECOLOGY;3
HYDROBIOLOGIA;INT_REV_HYDROBIOL;3
MAR_ECOL-PROGR_SER;LIMNOL_OCEANOGR;3
ENVIRON_MODELL_SOFTW;WATER_RESOUR_RES;3
J_GREAT_LAKES_RES;MOL_ECOL;3
EARTH_SURF_PROCESS_LANDF;REMOTE_SENS_ENVIRON;3
J_CLIMATE;HYDROL_PROCESS;3
CAN_J_FISHERIES_AQUAT_SCI;EVOL_APPL;3
WATER_ENVIRON_RES;ENVIRON_POLLUT;3
SCI_TOTAL_ENVIR;CONT_SHELF_RES;3
J_FISH_BIOL;AQUAT_BIOL;3
GEOPHYS_RES_LETT;GLOBAL_PLANET_CHANGE;3
GEOCHIM_COSMOCHIM_ACTA;HYDROL_PROCESS;3
NORTH_AM_J_FISH_MANAGE;J_FISH_BIOL;3
HYDROGEOL_J;J_ENVIRON_MANAGE;3
HYDROBIOLOGIA;ENVIRON_BIOL_FISH;3
WATER_RESOUR_MANAG;WATER_RESOUR_RES;3
MOL_ECOL;EVOLUTION;3
PALAEOGEOGR_PALAEOCLIMATOL;QUATERNARY_SCI_REV;3
GEOLOGY;GEOPHYS_RES_LETT;3
TRANS_AMER_FISH_SOC;NORTHWEST_SCI;3
ICES_J_MAR_SCI;J_MARINE_SYST;3
J_MARINE_SYST;LIMNOL_OCEANOGR;3
J_APPL_ECOL;HYDROBIOLOGIA;3
HYDROL_EARTH_SYST_SCI;ADV_WATER_RESOUR;3
MAR_ENVIRON_RES;MAR_POLLUT_BULL;3
BIOGEOCHEMISTRY;GEOPHYS_RES_LETT;3
FRESHWATER_BIOL;CONSERV_GENET;3
FOREST_ECOL_MANAGE;ECOSYSTEMS;3
HYDROL_EARTH_SYST_SCI;GEOPHYS_RES_LETT;3
PROG_PHYS_GEOG;GEOMORPHOLOGY;3
GEOMORPHOLOGY;J_QUATERNARY_SCI;3
J_HYDROL;GLOBAL_PLANET_CHANGE;3
BIOGEOSCIENCES;LIMNOL_OCEANOGR;3
FRESHWATER_BIOL;CONSERV_BIOL;3
ECOL_SOC;EVOL_APPL;3
WETLANDS;J_ENVIRON_QUAL;3
NAT_HAZARDS_EARTH_SYST_SCI;METEOROL_ATMOS_PHYS;3
HYDROBIOLOGIA;FISHERIES_MANAG_ECOL;3
J_AM_WATER_RESOUR_ASSOC;RIVER_RES_APPL;3
ECOSYSTEMS;WETLANDS;3
J_N_AMER_BENTHOL_SOC;INT_REV_HYDROBIOL;3
HYDROBIOLOGIA;ENVIRON_MANAGE;3
BIOL_INVASIONS;CONSERV_BIOL;3
ENVIRON_MODELL_SOFTW;HYDROL_PROCESS;3
ENVIRON_MANAGE;J_ENVIRON_QUAL;3
AQUAT_ECOL;HYDROBIOLOGIA;3
RIVER_RES_APPL;J_FRESHWATER_ECOL;3
SCI_TOTAL_ENVIR;MAR_POLLUT_BULL;3
ECOL_FRESHW_FISH;J_APPL_ICHTHYOL;3
J_APPL_ICHTHYOL;CONSERV_GENET;3
WATER_RES;ENVIRON_MODELL_SOFTW;3
ENVIRON_MONIT_ASSESS;ENVIRON_MANAGE;3
STOCH_ENVIRON_RES_RISK_ASSESS;J_HYDROL;3
FUNDAM_APPL_LIMNOL;RIVER_RES_APPL;3
HYDROL_RES;HYDROL_PROCESS;3
HYDROGEOL_J;ENVIRON_MONIT_ASSESS;3
TECTONOPHYSICS;GLOBAL_PLANET_CHANGE;3
QUATERNARY_SCI_REV;QUATERN_INT;3
SCI_TOTAL_ENVIR;ECOL_MODEL;3
J_HYDROL;FRESHWATER_BIOL;3
FUNDAM_APPL_LIMNOL;MAR_FRESHWATER_RES;3
LIMNOL_OCEANOGR;J_MARINE_SYST;3
HYDROBIOLOGIA;BIOL_INVASIONS;3
SENSORS;ENVIRON_MONIT_ASSESS;3
J_SOIL_WATER_CONSERV;WATER_RESOUR_RES;3
WATER_RES;MAR_CHEM;3
ENVIRON_POLLUT;BIOGEOCHEMISTRY;3
BIOGEOCHEMISTRY;ECOL_APPL;3
RIVER_RES_APPL;J_FISH_BIOL;3
GEOPHYS_RES_LETT;J_HYDROMETEOROL;3
CONT_SHELF_RES;ORG_GEOCHEM;3
BIOL_CONSERV;HYDROBIOLOGIA;3
MAR_POLLUT_BULL;CONT_SHELF_RES;3
ESTUAR_COAST_SHELF_SCI;J_PHYS_OCEANOGR;3
NORTH_AM_J_FISH_MANAGE;SOUTHEAST_NAT;3
HYDROBIOLOGIA;WATER_RES;3
ESTUAR_COAST_SHELF_SCI;J_SHELLFISH_RES;3
FRESHWATER_BIOL;FISHERIES;3
WATER_RES;ENVIRON_POLLUT;3
BIOGEOCHEMISTRY;ECOSYSTEMS;3
WATER_RES;WATER_RESOUR_RES;3
J_HYDROMETEOROL;GEOPHYS_RES_LETT;3
BIOGEOCHEMISTRY;FRESHWATER_BIOL;3
BIOGEOSCIENCES;MAR_CHEM;3
CHEM_GEOL;ENVIRON_SCI_TECHNOL;3
EARTH_SURF_PROCESS_LANDF;SEDIMENT_GEOL;3
HYDROGEOL_J;ENVIRON_GEOL;3
ECOL_APPL;FISHERIES;3
HYDROBIOLOGIA;ENVIRON_MONIT_ASSESS;3
GLOBAL_BIOGEOCHEM_CYCLE;ECOSYSTEMS;3
J_AM_WATER_RESOUR_ASSOC;GEOMORPHOLOGY;3
NEOTROP_ICHTHYOL;ECOL_FRESHW_FISH;3
FRESHWATER_BIOL;AQUAT_CONSERV;3
HYDROL_EARTH_SYST_SCI;J_HYDROL_ENG;3
FRESHWATER_BIOL;ECOL_FRESHW_FISH;3
ENVIRON_MANAGE;J_APPL_ECOL;3
AQUAT_MICROB_ECOL;OECOLOGIA;3
GEOMORPHOLOGY;HYDROL_PROCESS;3
J_APPL_ECOL;AQUAT_CONSERV;3
GEOMORPHOLOGY;RIVER_RES_APPL;3
GEOPHYS_RES_LETT;ADV_WATER_RESOUR;3
GEOMORPHOLOGY;NORTHWEST_SCI;3
CATENA;HYDROL_PROCESS;3
HYDROL_EARTH_SYST_SCI;QUATERN_INT;3
HYDROBIOLOGIA;ECOL_MODEL;3
PROG_PHYS_GEOG;GEOPHYS_RES_LETT;3
HYDROL_EARTH_SYST_SCI;ENVIRON_MODELL_SOFTW;3
ESTUARIES_COASTS;J_PHYS_OCEANOGR;3
J_FISH_BIOL;J_APPL_ICHTHYOL;3
J_ENVIRON_QUAL;FRESHWATER_BIOL;3
J_N_AMER_BENTHOL_SOC;ECOLOGY;3
MON_WEATHER_REV;J_HYDROMETEOROL;3
ESTUAR_COAST_SHELF_SCI;J_PLANKTON_RES;3
TRANS_ASABE;WATER_RESOUR_RES;3
J_PALEOLIMNOL;RIVER_RES_APPL;3
NORTH_AM_J_FISH_MANAGE;WATER_RESOUR_RES;3
MAR_FRESHWATER_RES;AQUAT_SCI;3
J_ENVIRON_MANAGE;WATER_RESOUR_MANAG;3
HYDROL_PROCESS;GEOMORPHOLOGY;3
WATER_RES;ENVIRON_TOXICOL_CHEM;3
TRANS_AMER_FISH_SOC;HYDROBIOLOGIA;3
J_ENVIRON_QUAL;LIMNOL_OCEANOGR;3
ENVIRON_BIOL_FISH;HYDROBIOLOGIA;3
NORTH_AM_J_FISH_MANAGE;HYDROL_PROCESS;3
EARTH_SURF_PROCESS_LANDF;SEDIMENTOLOGY;3
GLOBAL_BIOGEOCHEM_CYCLE;J_HYDROL;3
HYDROL_EARTH_SYST_SCI;WATER_RESOUR_MANAG;3
J_HYDROMETEOROL;WATER_RESOUR_RES;3
EARTH_SURF_PROCESS_LANDF;HYDROL_PROCESS;3
ECOL_FRESHW_FISH;BIOL_CONSERV;3
J_AM_WATER_RESOUR_ASSOC;ENVIRON_MANAGE;3
NAT_HAZARDS_EARTH_SYST_SCI;HYDROLOG_SCI_J;3
WATER_RESOUR_RES;J_HYDROMETEOROL;3
ECOHYDROLOGY;J_APPL_ECOL;3
J_APPL_ICHTHYOL;J_FRESHWATER_ECOL;3
FUNDAM_APPL_LIMNOL;ENVIRON_MANAGE;3
FRESHWATER_BIOL;AQUACULTURE;3
GEOMORPHOLOGY;HYDROBIOLOGIA;3
ECOL_FRESHW_FISH;HYDROBIOLOGIA;3
NORTH_AM_J_FISH_MANAGE;ENVIRON_BIOL_FISH;3
FRESHWATER_BIOL;ECOLOGY;3
J_FISH_BIOL;CONSERV_GENET;3
FRESHWATER_BIOL;MAR_FRESHWATER_RES;3
WATER_RESOUR_RES;HYDROLOG_SCI_J;3
PHYS_CHEM_EARTH;J_HYDROL;3
CONT_SHELF_RES;J_PHYS_OCEANOGR;3
CAN_J_FISHERIES_AQUAT_SCI;ECOSYSTEMS;3
HYDROL_PROCESS;HYDROLOG_SCI_J;3
CHEM_GEOL;J_HYDROL;3
HYDROLOG_SCI_J;WATER_RESOUR_RES;3
LIMNOL_OCEANOGR;OECOLOGIA;3
MAR_ENVIRON_RES;CONT_SHELF_RES;3
SCI_TOTAL_ENVIR;HYDROLOG_SCI_J;3
RIVER_RES_APPL;AQUAT_ECOL;3
GEOPHYS_RES_LETT;MAR_CHEM;3
EARTH_SURF_PROCESS_LANDF;J_PALEOLIMNOL;3
WATER_SA;J_HYDROL;3
NORTH_AM_J_FISH_MANAGE;HYDROBIOLOGIA;3
WATER_RES;J_ENVIRON_QUAL;3
WATER_RES;MAR_POLLUT_BULL;3
GLOBAL_PLANET_CHANGE;GEOMORPHOLOGY;3
ENVIRON_SCI_TECHNOL;WATER_RESOUR_RES;3
FUNDAM_APPL_LIMNOL;GEOMORPHOLOGY;3
BIOGEOCHEMISTRY;MAR_CHEM;3
ENVIRON_SCI_TECHNOL;MAR_CHEM;3
AQUAT_SCI;EARTH-SCI_REV;3
J_ENVIRON_MANAGE;ENVIRON_MODELL_SOFTW;3
LIMNOL_OCEANOGR;RIVER_RES_APPL;3
HYDROL_PROCESS;ADV_WATER_RESOUR;3
ENVIRON_BIOL_FISH;J_FISH_BIOL;3
MAR_ECOL-PROGR_SER;PROG_OCEANOGR;3
HYDROL_EARTH_SYST_SCI;PHYS_CHEM_EARTH;3
CAN_J_FISHERIES_AQUAT_SCI;GEOMORPHOLOGY;2
ECOL_FRESHW_FISH;ICES_J_MAR_SCI;2
J_HYDROL_ENG;WATER_RESOUR_RES;2
CAN_J_FISHERIES_AQUAT_SCI;HYDROL_PROCESS;2
CONT_SHELF_RES;HYDROBIOLOGIA;2
ECOL_FRESHW_FISH;BIOL_INVASIONS;2
SCI_TOTAL_ENVIR;LIMNOL_OCEANOGR;2
LIMNOL_OCEANOGR;ECOSYSTEMS;2
HYDROL_PROCESS;ENVIRON_MODELL_SOFTW;2
NORTH_AM_J_FISH_MANAGE;ECOL_APPL;2
HOLOCENE;GEOMORPHOLOGY;2
MAR_FRESHWATER_RES;WATER_RES;2
RIVER_RES_APPL;AQUAT_CONSERV;2
HYDROLOG_SCI_J;ECOL_MODEL;2
ENVIRON_MANAGE;FRESHWATER_BIOL;2
RIVER_RES_APPL;ECOL_MODEL;2
AQUAT_BIOL;AQUAT_CONSERV;2
AMER_NATURALIST;CONSERV_GENET;2
J_GREAT_LAKES_RES;WATER_RES;2
ENVIRON_GEOL;REMOTE_SENS_ENVIRON;2
HYDROLOG_SCI_J;ENVIRON_GEOL;2
MAR_GEOLOGY;GLOBAL_PLANET_CHANGE;2
HYDROL_PROCESS;FRESHWATER_BIOL;2
QUATERNARY_SCI_REV;ARCT_ANTARCT_ALP_RES;2
INT_J_CLIMATOL;J_HYDROL;2
TRANS_ASABE;J_HYDROL;2
J_CONTAM_HYDROL;J_HYDROL;2
EARTH_PLANET_SCI_LETT;GEOMORPHOLOGY;2
J_APPL_ECOL;ECOL_LETT;2
J_N_AMER_BENTHOL_SOC;BIOL_CONSERV;2
J_MARINE_SYST;MAR_POLLUT_BULL;2
INT_J_SEDIMENT_RES;J_HYDROL;2
STOCH_ENVIRON_RES_RISK_ASSESS;WATER_RESOUR_MANAG;2
AQUAT_MICROB_ECOL;AQUAT_SCI;2
OCEAN_MODEL;CONT_SHELF_RES;2
TRANS_AMER_FISH_SOC;J_FISH_BIOL;2
AGR_WATER_MANAGE;J_HYDROL;2
SCI_TOTAL_ENVIR;ENVIRON_MODELL_SOFTW;2
SCI_TOTAL_ENVIR;GEOMORPHOLOGY;2
HYDROL_PROCESS;HYDROBIOLOGIA;2
HYDROBIOLOGIA;AQUAT_BOT;2
J_FISH_BIOL;BIOL_J_LINN_SOC;2
J_APPL_ECOL;EVOL_APPL;2
J_CLIMATE;J_HYDROL;2
ECOL_MODEL;J_ENVIRON_MANAGE;2
J_HYDROMETEOROL;REMOTE_SENS_ENVIRON;2
FUNDAM_APPL_LIMNOL;AQUAT_SCI;2
CATENA;WATER_RESOUR_MANAG;2
NAT_HAZARDS_EARTH_SYST_SCI;J_HYDROMETEOROL;2
CONT_SHELF_RES;GLOBAL_PLANET_CHANGE;2
GEOPHYS_RES_LETT;J_MARINE_SYST;2
HYDROL_PROCESS;ECOL_MODEL;2
BULL_AMER_METEOROL_SOC;J_HYDROMETEOROL;2
RIVER_RES_APPL;INT_J_REMOTE_SENS;2
J_FRESHWATER_ECOL;J_ENVIRON_QUAL;2
ACTA_OCEANOL_SIN;CONT_SHELF_RES;2
HYDROBIOLOGIA;J_ENVIRON_QUAL;2
J_CLIMATE;J_HYDROMETEOROL;2
J_HYDROL;J_CONTAM_HYDROL;2
HYDROGEOL_J;FRESHWATER_BIOL;2
ECOHYDROLOGY;ECOLOGY;2
APPL_GEOCHEM;BIOGEOCHEMISTRY;2
AQUAT_MICROB_ECOL;ORG_GEOCHEM;2
ECOLOGY;ECOSYSTEMS;2
GEOPHYS_RES_LETT;GEOLOGY;2
ENVIRON_POLLUT;GEOMORPHOLOGY;2
NORTH_AM_J_FISH_MANAGE;MOL_ECOL;2
FISH_RES;J_FISH_BIOL;2
RIVER_RES_APPL;J_HYDROL;2
GROUND_WATER;J_HYDROL;2
ESTUAR_COAST_SHELF_SCI;APPL_GEOCHEM;2
EARTH_PLANET_SCI_LETT;GLOBAL_PLANET_CHANGE;2
MAR_FRESHWATER_RES;WATER_RESOUR_RES;2
ESTUAR_COAST_SHELF_SCI;REMOTE_SENS_ENVIRON;2
AQUAT_MICROB_ECOL;LIMNOL_OCEANOGR;2
HYDROL_EARTH_SYST_SCI;J_CONTAM_HYDROL;2
AFR_J_AQUAT_SCI;WATER_SA;2
J_WATER_RESOUR_PLAN_MAN-ASCE;WATER_RESOUR_RES;2
HYDROL_EARTH_SYST_SCI;J_HYDROMETEOROL;2
WATER_RES;J_ENVIRON_MANAGE;2
EARTH_SURF_PROCESS_LANDF;ENVIRON_MANAGE;2
GLOBAL_BIOGEOCHEM_CYCLE;BIOGEOCHEMISTRY;2
AQUAT_SCI;ECOLOGY;2
J_HYDROL;PLANT_ECOL;2
HYDROBIOLOGIA;PROG_OCEANOGR;2
ENVIRON_MANAGE;FISHERIES_MANAG_ECOL;2
ECOL_FRESHW_FISH;ENVIRON_MANAGE;2
EARTH_SURF_PROCESS_LANDF;QUATERNARY_SCI_REV;2
MAR_BIOL;MOL_ECOL;2
HYDROL_PROCESS;J_GEOL;2
J_HYDROL;ENVIRON_MANAGE;2
J_ENVIRON_ENG-ASCE;WATER_RESOUR_RES;2
J_N_AMER_BENTHOL_SOC;MAR_FRESHWATER_RES;2
REMOTE_SENS_ENVIRON;HYDROL_PROCESS;2
J_PHYS_OCEANOGR;CONT_SHELF_RES;2
GEOL_SOC_AMER_BULL;GEOMORPHOLOGY;2
WATER_SCI_TECHNOL;URBAN_WATER_J;2
J_N_AMER_BENTHOL_SOC;ENVIRON_MONIT_ASSESS;2
J_EXP_MAR_BIOL_ECOL;MAR_BIOL;2
TRANS_AMER_FISH_SOC;ECOL_APPL;2
ESTUAR_COAST_SHELF_SCI;J_EXP_MAR_BIOL_ECOL;2
J_FISH_BIOL;OECOLOGIA;2
J_GREAT_LAKES_RES;J_HYDROL;2
WATER_RESOUR_RES;HYDROGEOL_J;2
CHEM_GEOL;GLOBAL_PLANET_CHANGE;2
ECOL_MODEL;ENVIRON_MODELL_SOFTW;2
WATER_RESOUR_RES;ENVIRON_MODELL_SOFTW;2
WATER_RES;HYDROL_PROCESS;2
J_HYDROL;WATER_RES;2
ESTUARIES_COASTS;J_ENVIRON_ENG-ASCE;2
FUNDAM_APPL_LIMNOL;AQUAT_CONSERV;2
BIOL_J_LINN_SOC;MAR_FRESHWATER_RES;2
J_N_AMER_BENTHOL_SOC;ECOL_APPL;2
SOUTHEAST_NAT;FISHERIES;2
WATER_RESOUR_RES;J_GEOL;2
AQUAT_CONSERV;J_FRESHWATER_ECOL;2
ENVIRON_TOXICOL_CHEM;WATER_RES;2
HYDROL_EARTH_SYST_SCI;AQUACULTURE;2
MOL_ECOL;FISHERIES_MANAG_ECOL;2
GEOPHYS_RES_LETT;J_PHYS_OCEANOGR;2
WATER_SCI_TECHNOL;ENVIRON_MODELL_SOFTW;2
NEOTROP_ICHTHYOL;J_FISH_BIOL;2
HYDROL_EARTH_SYST_SCI;ECOLOGY;2
ENVIRON_MANAGE;WATER_RESOUR_RES;2
ECOL_MODEL;HYDROBIOLOGIA;2
J_ENVIRON_QUAL;HYDROL_PROCESS;2
ESTUAR_COAST_SHELF_SCI;ENVIRON_BIOL_FISH;2
GEOL_SOC_AMER_BULL;WATER_RESOUR_RES;2
SEDIMENT_GEOL;EARTH-SCI_REV;2
MAR_FRESHWATER_RES;GEOMORPHOLOGY;2
REMOTE_SENS_ENVIRON;INT_J_REMOTE_SENS;2
HYDROL_EARTH_SYST_SCI;BIOGEOCHEMISTRY;2
HYDROGEOL_J;CHEM_GEOL;2
J_N_AMER_BENTHOL_SOC;ENVIRON_TOXICOL_CHEM;2
PALAEOGEOGR_PALAEOCLIMATOL;QUATERNARY_RES;2
WATER_RES;J_MARINE_SYST;2
J_HYDROL;J_GEOL;2
HYDROBIOLOGIA;WATER_RESOUR_RES;2
ENG_GEOL;GEOMORPHOLOGY;2
BIOGEOSCIENCES;ECOSYSTEMS;2
HYDROL_PROCESS;J_ENVIRON_MANAGE;2
ENVIRON_MONIT_ASSESS;WATER_RES;2
J_HYDROL_ENG;INT_J_SEDIMENT_RES;2
EARTH_PLANET_SCI_LETT;WATER_RESOUR_RES;2
HARMFUL_ALGAE;CONT_SHELF_RES;2
CAN_J_FISHERIES_AQUAT_SCI;FRESHWATER_BIOL;2
FRESHWATER_BIOL;ENVIRON_MODELL_SOFTW;2
ECOL_MODEL;ENVIRON_POLLUT;2
CAN_J_FISHERIES_AQUAT_SCI;AQUAT_CONSERV;2
MON_WEATHER_REV;J_CLIMATE;2
ECOSYSTEMS;WATER_RESOUR_RES;2
J_APPL_ECOL;PLANT_ECOL;2
J_FRESHWATER_ECOL;J_APPL_ICHTHYOL;2
J_HYDROMETEOROL;HYDROGEOL_J;2
AQUAT_SCI;GEOLOGY;2
LIMNOL_OCEANOGR;GEOPHYS_RES_LETT;2
MAR_ECOL-PROGR_SER;J_MARINE_SYST;2
ENVIRON_MANAGE;ECOLOGY;2
J_QUATERNARY_SCI;QUATERN_INT;2
FRESHWATER_BIOL;OECOLOGIA;2
WATER_ENVIRON_RES;ENVIRON_TOXICOL_CHEM;2
CAN_J_FISHERIES_AQUAT_SCI;WATER_RESOUR_RES;2
APPL_GEOCHEM;ENVIRON_GEOL;2
SOIL_SCI_SOC_AMER_J;ENVIRON_SCI_TECHNOL;2
GLOBAL_PLANET_CHANGE;TECTONOPHYSICS;2
ECOL_SOC;CATENA;2
ENVIRON_MANAGE;CONSERV_BIOL;2
ESTUARIES_COASTS;AQUAT_CONSERV;2
FRESHWATER_BIOL;ENVIRON_MONIT_ASSESS;2
WATER_AIR_SOIL_POLLUT;AMBIO;2
ENVIRON_SCI_TECHNOL;AQUAT_SCI;2
HYDROBIOLOGIA;AQUAT_SCI;2
NORTH_AM_J_FISH_MANAGE;J_FRESHWATER_ECOL;2
J_ARID_ENVIRON;AGR_WATER_MANAGE;2
SEDIMENTOLOGY;SEDIMENT_GEOL;2
J_ENVIRON_MANAGE;J_CONTAM_HYDROL;2
PROG_PHYS_GEOG;CATENA;2
ECOL_FRESHW_FISH;FISHERIES_MANAG_ECOL;2
HYDROL_PROCESS;AGR_WATER_MANAGE;2
ENVIRON_MONIT_ASSESS;ADV_WATER_RESOUR;2
J_ENVIRON_QUAL;J_FRESHWATER_ECOL;2
FOREST_ECOL_MANAGE;ECOLOGY;2
ECOL_SOC;ENVIRON_MODELL_SOFTW;2
OECOLOGIA;HYDROBIOLOGIA;2
BIOSCIENCE;GEOMORPHOLOGY;2
HYDROL_PROCESS;INT_J_CLIMATOL;2
J_FISH_BIOL;FISH_RES;2
CATENA;GLOBAL_PLANET_CHANGE;2
ESTUAR_COAST_SHELF_SCI;EARTH-SCI_REV;2
TRANS_AMER_FISH_SOC;FISHERIES_MANAG_ECOL;2
WATER_RESOUR_RES;ECOL_LETT;2
WATER_SA;HYDROBIOLOGIA;2
AQUAT_CONSERV;BIOL_CONSERV;2
APPL_GEOCHEM;GEOLOGY;2
RIVER_RES_APPL;INT_REV_HYDROBIOL;2
FISH_RES;MAR_BIOL;2
GLOBAL_BIOGEOCHEM_CYCLE;CHEM_GEOL;2
NORTHEAST_NAT;J_FRESHWATER_ECOL;2
SEDIMENTOLOGY;WATER_RESOUR_RES;2
J_MARINE_SYST;GEOPHYS_RES_LETT;2
J_ENVIRON_MANAGE;MAR_CHEM;2
ESTUAR_COAST_SHELF_SCI;ORG_GEOCHEM;2
TRANS_AMER_FISH_SOC;J_EXP_MAR_BIOL_ECOL;2
QUATERNARY_RES;J_MARINE_SYST;2
ECOL_FRESHW_FISH;MOL_ECOL;2
FRESHWATER_BIOL;J_HYDROL;2
ENVIRON_MONIT_ASSESS;ENVIRON_GEOL;2
OIKOS;FRESHWATER_BIOL;2
NAT_HAZARDS_EARTH_SYST_SCI;WATER_RESOUR_RES;2
J_MARINE_SYST;MAR_CHEM;2
J_AM_WATER_RESOUR_ASSOC;CATENA;2
BIOL_CONSERV;MOL_ECOL;2
Z_GEOMORPHOLOGIE;GEOMORPHOLOGY;2
CHEM_GEOL;ENVIRON_GEOL;2
APPL_GEOCHEM;AQUAT_GEOCHEM;2
NORTH_AM_J_FISH_MANAGE;GEOMORPHOLOGY;2
EARTH_SURF_PROCESS_LANDF;QUATERNARY_RES;2
REMOTE_SENS_ENVIRON;WATER_RESOUR_RES;2
HYDROBIOLOGIA;NEOTROP_ICHTHYOL;2
WATER_RESOUR_RES;J_CLIMATE;2
AQUAT_ECOSYST_HEALTH_MANAG;FRESHWATER_BIOL;2
HYDROGEOL_J;LIMNOLOGICA;2
INT_J_REMOTE_SENS;J_ENVIRON_MANAGE;2
ECOL_FRESHW_FISH;ECOL_APPL;2
HYDROBIOLOGIA;ECOL_FRESHW_FISH;2
J_ENVIRON_MANAGE;MAR_POLLUT_BULL;2
AQUAT_SCI;ENVIRON_SCI_TECHNOL;2
J_APPL_ECOL;J_ANIM_ECOL;2
ENVIRON_SCI_TECHNOL;CONT_SHELF_RES;2
HYDROL_PROCESS;REMOTE_SENS_ENVIRON;2
J_HYDROL;AGR_WATER_MANAGE;2
FRESHWATER_BIOL;WATER_RES;2
CAN_J_FISHERIES_AQUAT_SCI;ECOL_MODEL;2
J_APPL_ECOL;AQUAT_SCI;2
BIOGEOCHEMISTRY;LIMNOL_OCEANOGR;2
GLOBAL_BIOGEOCHEM_CYCLE;ENVIRON_SCI_TECHNOL;2
AQUAT_SCI;J_FISH_BIOL;2
J_APPL_ECOL;FRONT_ECOL_ENVIRON;2
ENVIRON_MODELL_SOFTW;GEOMORPHOLOGY;2
CONT_SHELF_RES;J_OCEANOGR;2
CONT_SHELF_RES;MAR_POLLUT_BULL;2
ESTUAR_COAST_SHELF_SCI;MAR_ENVIRON_RES;2
GEOMORPHOLOGY;CHEM_GEOL;2
J_ENVIRON_QUAL;HYDROBIOLOGIA;2
OECOLOGIA;RIVER_RES_APPL;2
AQUAT_CONSERV;J_FISH_BIOL;2
GEOPHYS_RES_LETT;GEOMORPHOLOGY;2
QUATERNARY_RES;GEOLOGY;2
QUATERNARY_SCI_REV;GLOBAL_PLANET_CHANGE;2
CHEM_GEOL;SEDIMENT_GEOL;2
J_N_AMER_BENTHOL_SOC;ENVIRON_MANAGE;2
ECOL_FRESHW_FISH;CONSERV_BIOL;2
J_CLIMATE;WATER_RESOUR_RES;2
J_HYDROL;ECOHYDROLOGY;2
ECOHYDROLOGY;HYDROL_PROCESS;2
ESTUAR_COAST_SHELF_SCI;GLOBAL_PLANET_CHANGE;2
J_GREAT_LAKES_RES;AQUAT_SCI;2
ENVIRON_POLLUT;MAR_CHEM;2
ECOL_MODEL;HYDROL_PROCESS;2
ORG_GEOCHEM;HYDROBIOLOGIA;2
HYDROGEOL_J;WATER_RESOUR_RES;2
J_ENVIRON_MANAGE;ADV_WATER_RESOUR;2
J_HYDROMETEOROL;HYDROL_PROCESS;2
J_ARID_ENVIRON;ADV_WATER_RESOUR;2
ENVIRON_MONIT_ASSESS;HYDROGEOL_J;2
PHYS_GEOGR;CATENA;2
CAN_J_FISHERIES_AQUAT_SCI;FISHERIES;2
EARTH_SURF_PROCESS_LANDF;HOLOCENE;2
J_ENVIRON_QUAL;ENVIRON_MANAGE;2
APPL_GEOCHEM;HYDROL_PROCESS;2
WETLANDS;GEOMORPHOLOGY;2
BIOL_CONSERV;LANDSC_ECOL_ENG;2
J_HYDROMETEOROL;HYDROLOG_SCI_J;2
ECOSYSTEMS;ECOL_APPL;2
GLOBAL_BIOGEOCHEM_CYCLE;HYDROL_PROCESS;2
J_GREAT_LAKES_RES;BIOL_INVASIONS;2
LAKE_RESERV_MANAG;J_ENVIRON_ENG-ASCE;2
ESTUAR_COAST_SHELF_SCI;GEOPHYS_RES_LETT;2
TRANS_ASABE;J_SOIL_WATER_CONSERV;2
WETLANDS;HYDROBIOLOGIA;2
RIVER_RES_APPL;ENVIRON_MONIT_ASSESS;2
EARTH_SURF_PROCESS_LANDF;J_HYDROL_ENG;2
J_HYDROL;ENVIRON_MONIT_ASSESS;2
HYDROBIOLOGIA;LIMNOLOGICA;2
WATER_AIR_SOIL_POLLUT;J_HYDROL;2
AMER_MIDLAND_NATURALIST;SOUTHEAST_NAT;2
ECOSYSTEMS;EARTH-SCI_REV;2
BIOGEOSCIENCES;GEODERMA;2
ESTUARIES_COASTS;AQUAT_BIOL;2
SCI_TOTAL_ENVIR;GLOBAL_PLANET_CHANGE;2
J_FISH_BIOL;MAR_FRESHWATER_RES;2
BIOGEOCHEMISTRY;HYDROBIOLOGIA;2
ECOHYDROLOGY;MAR_FRESHWATER_RES;2
FRESHWATER_BIOL;FRONT_ECOL_ENVIRON;2
SCI_TOTAL_ENVIR;J_MARINE_SYST;2
ECOSYSTEMS;HYDROBIOLOGIA;2
J_FISH_BIOL;BIOL_CONSERV;2
GEOCHIM_COSMOCHIM_ACTA;AQUAT_GEOCHEM;2
FUNDAM_APPL_LIMNOL;INT_REV_HYDROBIOL;2
ENVIRON_SCI_TECHNOL;J_ENVIRON_QUAL;2
GLOBAL_BIOGEOCHEM_CYCLE;MAR_CHEM;2
SCI_TOTAL_ENVIR;J_ENVIRON_QUAL;2
ECOHYDROLOGY;FISHERIES_MANAG_ECOL;2
BIOL_CONSERV;CONSERV_BIOL;2
REV_FISH_SCI;J_HYDROL;2
FISHERIES_MANAG_ECOL;BIOL_INVASIONS;2
ENVIRON_MODELL_SOFTW;WATER_SA;2
MAR_POLLUT_BULL;MAR_CHEM;2
TECTONOPHYSICS;QUATERNARY_SCI_REV;2
ADV_WATER_RESOUR;ENVIRON_MODELL_SOFTW;2
EARTH_SURF_PROCESS_LANDF;LANDSC_ECOL_ENG;2
FOREST_ECOL_MANAGE;ECOL_MODEL;2
J_ENVIRON_MANAGE;WATER_RESOUR_RES;2
MAR_POLLUT_BULL;HYDROBIOLOGIA;2
AQUAT_MICROB_ECOL;CONT_SHELF_RES;2
J_CONTAM_HYDROL;APPL_GEOCHEM;2
J_PALEOLIMNOL;ENVIRON_SCI_TECHNOL;2
ESTUAR_COAST_SHELF_SCI;MAR_BIOL;2
WATER_RESOUR_MANAG;WATER_RES;2
FISHERIES_MANAG_ECOL;NEOTROP_ICHTHYOL;2
AQUAT_CONSERV;FISHERIES_MANAG_ECOL;2
MOL_ECOL;FRESHWATER_BIOL;2
FRESHWATER_BIOL;ECOSYSTEMS;2
ESTUARIES_COASTS;ENVIRON_SCI_TECHNOL;2
WATER_RESOUR_RES;INT_J_CLIMATOL;2
WATER_RESOUR_RES;GEOLOGY;2
MAR_ECOL-PROGR_SER;J_FISH_BIOL;2
LIMNOLOGICA;FRESHWATER_BIOL;2
BIOGEOSCIENCES;CHEM_GEOL;2
WATER_AIR_SOIL_POLLUT;J_ENVIRON_QUAL;2
J_AM_WATER_RESOUR_ASSOC;ENVIRON_MONIT_ASSESS;2
QUATERNARY_RES;GEOMORPHOLOGY;2
LIMNOL_OCEANOGR;CONT_SHELF_RES;2
CHEM_GEOL;GEOLOGY;2
ORG_GEOCHEM;FRESHWATER_BIOL;2
J_ENVIRON_MANAGE;HYDROL_PROCESS;2
WETLANDS;FUNCT_ECOL;2
RIVER_RES_APPL;FISHERIES_MANAG_ECOL;2
LIMNOL_OCEANOGR;AQUAT_SCI;2
WATER_SA;GEOMORPHOLOGY;2
J_HYDROL;J_HYDROMETEOROL;2
J_HYDROINFORM;J_HYDROL;2
WETLANDS;ENVIRON_MANAGE;2
APPL_ENVIRON_MICROBIOL;WATER_RES;2
ORG_GEOCHEM;LIMNOL_OCEANOGR;2
APPL_GEOCHEM;WATER_RES;2
ENVIRON_BIOL_FISH;FRESHWATER_BIOL;2
CATENA;QUATERNARY_SCI_REV;2
J_PLANKTON_RES;PROG_OCEANOGR;2
TRANS_ASABE;ENVIRON_MODELL_SOFTW;2
HYDROL_PROCESS;HYDROGEOL_J;2
FRESEN_ENVIRON_BULL;MAR_POLLUT_BULL;2
N_Z_J_MAR_FRESHWATER_RES;FRESHWATER_BIOL;2
ESTUAR_COAST_SHELF_SCI;ENVIRON_TOXICOL_CHEM;2
ECOHYDROLOGY;WETLANDS;2
LANDSC_ECOL_ENG;FRESHWATER_BIOL;2
ORG_GEOCHEM;ENVIRON_SCI_TECHNOL;2
HYDROBIOLOGIA;ECOSYSTEMS;2
TRANS_AMER_FISH_SOC;ENVIRON_MANAGE;2
MAR_ECOL-PROGR_SER;HARMFUL_ALGAE;2
LANDSLIDES;GEOMORPHOLOGY;2
ENVIRON_GEOL;WATER_RESOUR_MANAG;2
CONT_SHELF_RES;J_PLANKTON_RES;2
PHYS_CHEM_EARTH;ENVIRON_MANAGE;2
MAR_POLLUT_BULL;ENVIRON_TOXICOL_CHEM;2
NORTH_AM_J_FISH_MANAGE;ECOL_FRESHW_FISH;2
HYDROBIOLOGIA;FISHERIES;2
GEODERMA;BIOGEOCHEMISTRY;2
LIMNOL_OCEANOGR;AQUAT_MICROB_ECOL;2
MAR_POLLUT_BULL;J_MARINE_SYST;2
WATER_AIR_SOIL_POLLUT;APPL_GEOCHEM;2
TRANS_AMER_FISH_SOC;J_GREAT_LAKES_RES;2
MAR_CHEM;MAR_ENVIRON_RES;2
ESTUAR_COAST_SHELF_SCI;J_SEA_RES;2
SCI_TOTAL_ENVIR;CATENA;2
ENVIRON_POLLUT;APPL_GEOCHEM;2
BIOGEOSCIENCES;ORG_GEOCHEM;2
ECOL_APPL;MAR_FRESHWATER_RES;1
ENVIRON_MANAGE;AQUAT_CONSERV;1
FRESHWATER_BIOL;J_ANIM_ECOL;1
ECOHYDROLOGY;ARCT_ANTARCT_ALP_RES;1
ICES_J_MAR_SCI;GLOBAL_PLANET_CHANGE;1
CONSERV_BIOL;HYDROBIOLOGIA;1
WATER_SCI_TECHNOL;ENVIRON_GEOL;1
J_ENVIRON_QUAL;J_ENVIRON_ENG-ASCE;1
TECTONOPHYSICS;GEOMORPHOLOGY;1
PHYS_CHEM_EARTH;WATER_RES;1
CAN_J_FISHERIES_AQUAT_SCI;MAR_BIOL;1
OECOLOGIA;BIOL_INVASIONS;1
J_APPL_ICHTHYOL;J_FISH_BIOL;1
OCEAN_DYN;CONT_SHELF_RES;1
GEOCHIM_COSMOCHIM_ACTA;J_GEOL;1
J_ENVIRON_MANAGE;ENVIRON_GEOL;1
ESTUARIES_COASTS;RIVER_RES_APPL;1
J_SOIL_WATER_CONSERV;ENVIRON_SCI_TECHNOL;1
APPL_GEOCHEM;CONT_SHELF_RES;1
FRONT_ECOL_ENVIRON;ENVIRON_SCI_TECHNOL;1
REMOTE_SENS_ENVIRON;J_ENVIRON_MANAGE;1
J_ARID_ENVIRON;ECOL_MODEL;1
ECOL_APPL;ENVIRON_MANAGE;1
ECOHYDROLOGY;ENVIRON_SCI_TECHNOL;1
FISHERIES;OCEANOGR_MAR_BIOL;1
CHEM_GEOL;CATENA;1
BIOSCIENCE;FISH_RES;1
MAR_POLLUT_BULL;MAR_ENVIRON_RES;1
RIVER_RES_APPL;ENVIRON_GEOL;1
WATER_RESOUR_RES;J_HYDROINFORM;1
FRESHWATER_BIOL;INT_REV_HYDROBIOL;1
MAR_FRESHWATER_RES;CONT_SHELF_RES;1
J_APPL_ICHTHYOL;REV_FISH_SCI;1
FISHERIES_MANAG_ECOL;WATER_SA;1
ECOL_MODEL;ENVIRON_MANAGE;1
NORTH_AM_J_FISH_MANAGE;N_AM_J_AQUACULT;1
BIOGEOSCIENCES;HYDROL_PROCESS;1
FRESHWATER_BIOL;EVOL_APPL;1
AQUAT_BOT;MOL_ECOL;1
RIVER_RES_APPL;LIMNOLOGICA;1
WATER_RESOUR_MANAG;WATER_INT;1
HYDROL_PROCESS;APPL_GEOCHEM;1
J_ENVIRON_MANAGE;LANDSC_ECOL_ENG;1
WATER_RESOUR_RES;INT_J_SEDIMENT_RES;1
J_FISH_BIOL;EVOL_APPL;1
HYDROL_PROCESS;INT_J_SEDIMENT_RES;1
WATER_POLICY;PHYS_CHEM_EARTH;1
SENSORS;ENVIRON_MANAGE;1
QUATERNARY_RES;APPL_GEOCHEM;1
MAR_CHEM;QUATERN_INT;1
EVOL_APPL;FISHERIES_MANAG_ECOL;1
WATER_INT;HYDROL_PROCESS;1
MAR_CHEM;J_GEOL;1
AQUAT_ECOL;J_ENVIRON_QUAL;1
MAR_ECOL-PROGR_SER;GEOPHYS_RES_LETT;1
HYDROL_PROCESS;J_CLIMATE;1
ENVIRON_MONIT_ASSESS;AQUAT_BOT;1
CONT_SHELF_RES;OCEANOGR_MAR_BIOL;1
HYDROL_EARTH_SYST_SCI;ENG_GEOL;1
RIVER_RES_APPL;ECOSYSTEMS;1
WETLANDS;ECOLOGY;1
WATER_RESOUR_RES;HYDROBIOLOGIA;1
ECOL_APPL;BIOL_CONSERV;1
J_APPL_ICHTHYOL;FISHERIES_MANAG_ECOL;1
FISH_RES;MAR_FRESHWATER_RES;1
GEODERMA;ENVIRON_GEOL;1
MAR_ECOL-PROGR_SER;GEOLOGY;1
J_QUATERNARY_SCI;ARCT_ANTARCT_ALP_RES;1
COPEIA;HYDROL_PROCESS;1
ECOL_APPL;CONSERV_BIOL;1
J_FISH_BIOL;AQUAT_SCI;1
HYDROL_EARTH_SYST_SCI;ENVIRON_MANAGE;1
REMOTE_SENS_ENVIRON;ENG_GEOL;1
J_CONTAM_HYDROL;ENVIRON_SCI_TECHNOL;1
MAR_GEOLOGY;QUATERNARY_SCI_REV;1
GEOMORPHOLOGY;QUATERNARY_RES;1
EARTH_SURF_PROCESS_LANDF;ADV_WATER_RESOUR;1
APPL_ENVIRON_MICROBIOL;MAR_POLLUT_BULL;1
HYDROGEOL_J;HYDROL_PROCESS;1
WATER_SCI_TECHNOL;ECOL_MODEL;1
FISH_RES;AQUAT_CONSERV;1
PROG_PHYS_GEOG;J_CLIMATE;1
SCI_TOTAL_ENVIR;WATER_SCI_TECHNOL;1
ICES_J_MAR_SCI;AQUAT_CONSERV;1
ENVIRON_TOXICOL_CHEM;ENVIRON_MONIT_ASSESS;1
ENVIRON_GEOL;ADV_WATER_RESOUR;1
J_APPL_ICHTHYOL;GEOMORPHOLOGY;1
ENVIRON_TOXICOL_CHEM;ECOL_MODEL;1
NORTHEAST_NAT;REV_FISH_SCI;1
QUATERN_INT;J_QUATERNARY_SCI;1
GEOMORPHOLOGY;CONT_SHELF_RES;1
ESTUAR_COAST_SHELF_SCI;ECOL_FRESHW_FISH;1
ADV_WATER_RESOUR;ENVIRON_SCI_TECHNOL;1
AMER_NATURALIST;OIKOS;1
SEDIMENT_GEOL;GEOMORPHOLOGY;1
J_APPL_ECOL;BIOL_J_LINN_SOC;1
ENVIRON_MONIT_ASSESS;CATENA;1
HOLOCENE;GLOBAL_PLANET_CHANGE;1
HYDROL_PROCESS;OECOLOGIA;1
MAR_ECOL-PROGR_SER;ECOSYSTEMS;1
HYDROL_PROCESS;QUATERNARY_SCI_REV;1
HYDROLOG_SCI_J;J_CLIMATE;1
FOREST_ECOL_MANAGE;BIOGEOCHEMISTRY;1
GEOMORPHOLOGY;SEDIMENTOLOGY;1
AQUAT_SCI;ECOSYSTEMS;1
APPL_GEOCHEM;ENVIRON_MONIT_ASSESS;1
ENVIRON_MANAGE;HYDROLOG_SCI_J;1
J_QUATERNARY_SCI;QUATERNARY_RES;1
CONT_SHELF_RES;AQUAT_MICROB_ECOL;1
PLANT_ECOL;CONSERV_BIOL;1
AMER_NATURALIST;EVOL_APPL;1
ENVIRON_GEOL;HYDROGEOL_J;1
J_PALEOLIMNOL;HOLOCENE;1
AQUAT_ECOSYST_HEALTH_MANAG;OIKOS;1
J_AM_WATER_RESOUR_ASSOC;APPL_GEOCHEM;1
MON_WEATHER_REV;GEOPHYS_RES_LETT;1
APPL_ENVIRON_MICROBIOL;PROG_OCEANOGR;1
BULL_MAR_SCI;FRESHWATER_BIOL;1
CAN_WATER_RESOUR_J;J_HYDROMETEOROL;1
WATER_RESOUR_RES;REMOTE_SENS_ENVIRON;1
BIOACOUSTICS;BEHAV_ECOL_SOCIOBIOL;1
FRESHWATER_BIOL;PLANT_ECOL;1
CAN_WATER_RESOUR_J;INT_J_CLIMATOL;1
WETLANDS;ENVIRON_POLLUT;1
LAKE_RESERV_MANAG;WATER_RES;1
FISHERIES_OCEANOGR;PROG_OCEANOGR;1
TRANS_AMER_FISH_SOC;FRESHWATER_BIOL;1
AGR_WATER_MANAGE;WATER_RES;1
AQUAT_SCI;BIOL_INVASIONS;1
ESTUARIES_COASTS;MAR_POLLUT_BULL;1
ECOL_SOC;WATER_RESOUR_MANAG;1
GEOCHIM_COSMOCHIM_ACTA;BIOGEOCHEMISTRY;1
FISH_RES;FRESHWATER_BIOL;1
J_GREAT_LAKES_RES;ECOL_FRESHW_FISH;1
J_HYDROL;PHYS_GEOGR;1
HYDROBIOLOGIA;MAR_BIOL;1
RIVER_RES_APPL;MAR_FRESHWATER_RES;1
BIOL_INVASIONS;HYDROBIOLOGIA;1
BIOL_J_LINN_SOC;AQUAT_CONSERV;1
FRESHWATER_BIOL;WETLANDS;1
SENSORS;J_HYDROL;1
NORTH_AM_J_FISH_MANAGE;AQUAT_CONSERV;1
AQUAT_GEOCHEM;ENVIRON_GEOL;1
EARTH_PLANET_SCI_LETT;APPL_GEOCHEM;1
MAR_FRESHWATER_RES;GEOGR_RES;1
REV_FISH_BIOL_FISHERIES;RIVER_RES_APPL;1
WETLANDS;ECOL_MODEL;1
J_HYDROL;ARCT_ANTARCT_ALP_RES;1
J_SEA_RES;CONT_SHELF_RES;1
ENVIRON_GEOL;ENVIRON_MODELL_SOFTW;1
MAR_POLLUT_BULL;ACTA_OCEANOL_SIN;1
WETLANDS;FRESHWATER_BIOL;1
ESTUAR_COAST_SHELF_SCI;SEDIMENT_GEOL;1
J_ENVIRON_QUAL;AGR_WATER_MANAGE;1
LIMNOL_OCEANOGR;J_EXP_MAR_BIOL_ECOL;1
PHYS_GEOGR;FRESHWATER_BIOL;1
ECOL_LETT;ECOLOGY;1
WATER_RESOUR_MANAG;GEOMORPHOLOGY;1
PHYS_CHEM_EARTH;ENVIRON_GEOL;1
OCEAN_MODEL;ADV_WATER_RESOUR;1
GLOBAL_BIOGEOCHEM_CYCLE;ECOL_MODEL;1
BIOL_INVASIONS;OECOLOGIA;1
WATER_RESOUR_MANAG;HYDROL_RES;1
WATER_SCI_TECHNOL;PHYS_CHEM_EARTH;1
J_PALEOLIMNOL;SEDIMENTOLOGY;1
J_ARID_ENVIRON;RIVER_RES_APPL;1
INT_J_SEDIMENT_RES;J_HYDROL_ENG;1
BIOSCIENCE;BIOL_INVASIONS;1
ESTUAR_COAST_SHELF_SCI;ECOL_MODEL;1
NATURAL_HAZARDS;HYDROL_PROCESS;1
HYDROL_EARTH_SYST_SCI;GEOLOGY;1
WATER_RES;J_GREAT_LAKES_RES;1
AQUAT_BIOL;J_FISH_BIOL;1
PALAEOGEOGR_PALAEOCLIMATOL;CHEM_GEOL;1
J_ENVIRON_QUAL;BIOL_CONSERV;1
NORTH_AM_J_FISH_MANAGE;NEOTROP_ICHTHYOL;1
GEODERMA;GEOLOGY;1
HYDROL_EARTH_SYST_SCI;GROUND_WATER;1
MAR_ENVIRON_RES;ENVIRON_SCI_TECHNOL;1
FRESEN_ENVIRON_BULL;ENVIRON_POLLUT;1
AGR_FOREST_METEOROL;HYDROL_PROCESS;1
WATER_RESOUR_RES;J_ENVIRON_QUAL;1
CONT_SHELF_RES;ENVIRON_MODELL_SOFTW;1
NORTH_AM_J_FISH_MANAGE;ENVIRON_MONIT_ASSESS;1
INT_REV_HYDROBIOL;AQUAT_ECOL;1
WETLANDS;GLOBAL_PLANET_CHANGE;1
N_Z_J_MAR_FRESHWATER_RES;ENVIRON_MANAGE;1
PALAEOGEOGR_PALAEOCLIMATOL;GEOLOGY;1
J_GREAT_LAKES_RES;HYDROBIOLOGIA;1
ECOL_APPL;J_HYDROL;1
FUNDAM_APPL_LIMNOL;J_FRESHWATER_ECOL;1
J_N_AMER_BENTHOL_SOC;ENVIRON_MODELL_SOFTW;1
WATER_AIR_SOIL_POLLUT;J_PALEOLIMNOL;1
GEODERMA;J_ARID_ENVIRON;1
WATER_ENVIRON_RES;AGR_WATER_MANAGE;1
J_ENVIRON_MANAGE;WATER_RES;1
EVOL_APPL;ENVIRON_BIOL_FISH;1
EVOL_APPL;FISHERIES;1
WATER_SCI_TECHNOL;ADV_WATER_RESOUR;1
GEOCHIM_COSMOCHIM_ACTA;ENVIRON_POLLUT;1
J_GEOL;SEDIMENT_GEOL;1
GLOBAL_BIOGEOCHEM_CYCLE;CONT_SHELF_RES;1
ESTUAR_COAST_SHELF_SCI;ENVIRON_GEOL;1
J_HYDROL;QUATERN_INT;1
ECOSYSTEMS;ECOL_MODEL;1
AQUAT_GEOCHEM;J_GEOL;1
J_N_AMER_BENTHOL_SOC;BIOL_INVASIONS;1
MAR_FRESHWATER_RES;ENVIRON_MONIT_ASSESS;1
ECOLOGY;LIMNOL_OCEANOGR;1
WETLANDS;PHYS_GEOGR;1
WATER_RESOUR_MANAG;J_ENVIRON_MANAGE;1
EARTH_SURF_PROCESS_LANDF;FRESHWATER_BIOL;1
FOREST_ECOL_MANAGE;J_ECOL;1
CATENA;AQUAT_BOT;1
J_HYDROL_ENG;WATER_RESOUR_MANAG;1
CONT_SHELF_RES;ECOL_APPL;1
C_R_GEOSCI;QUATERNARY_SCI_REV;1
AQUAT_GEOCHEM;MAR_CHEM;1
REMOTE_SENS_ENVIRON;J_ARID_ENVIRON;1
MAR_ECOL-PROGR_SER;ENVIRON_SCI_TECHNOL;1
ECOL_MODEL;WATER_RES;1
ENVIRON_TOXICOL_CHEM;J_ENVIRON_ENG-ASCE;1
RIVER_RES_APPL;J_ARID_ENVIRON;1
J_APPL_ECOL;CONSERV_GENET;1
NAT_HAZARDS_EARTH_SYST_SCI;HYDROL_PROCESS;1
J_GREAT_LAKES_RES;MAR_CHEM;1
RIVER_RES_APPL;ENVIRON_TOXICOL_CHEM;1
QUATERNARY_SCI_REV;WATER_RESOUR_RES;1
FRESHWATER_BIOL;J_ECOL;1
BIOL_CONSERV;WATER_SA;1
FRESEN_ENVIRON_BULL;J_MARINE_SYST;1
ENVIRON_GEOL;MAR_CHEM;1
AQUAT_MICROB_ECOL;FRESHWATER_BIOL;1
EARTH_SURF_PROCESS_LANDF;ECOSYSTEMS;1
CAN_WATER_RESOUR_J;GEOPHYS_RES_LETT;1
HYDROL_RES;ECOSYSTEMS;1
TECTONOPHYSICS;GEODERMA;1
J_ENVIRON_QUAL;WETLANDS;1
SENSORS;CONT_SHELF_RES;1
FISHERIES;SOUTHEAST_NAT;1
ESTUARIES_COASTS;CATENA;1
NORTH_AM_J_FISH_MANAGE;CAN_J_ZOOL;1
ECOL_MODEL;GEOMORPHOLOGY;1
CONT_SHELF_RES;QUATERN_INT;1
ENVIRON_MODELL_SOFTW;J_ENVIRON_QUAL;1
HYDROL_EARTH_SYST_SCI;J_CLIMATE;1
EVOL_APPL;FRESHWATER_BIOL;1
ENVIRON_TOXICOL_CHEM;FRESHWATER_BIOL;1
WATER_ENVIRON_RES;J_GREAT_LAKES_RES;1
J_HYDROL_ENG;J_HYDROMETEOROL;1
ESTUARIES_COASTS;FRONT_ECOL_ENVIRON;1
BIOL_INVASIONS;MOL_ECOL;1
WETLANDS;ENVIRON_TOXICOL_CHEM;1
PHYS_CHEM_EARTH;HYDROL_PROCESS;1
PALAEOGEOGR_PALAEOCLIMATOL;J_MARINE_SYST;1
C_R_GEOSCI;ECOSYSTEMS;1
ESTUAR_COAST_SHELF_SCI;WATER_RESOUR_RES;1
FRESEN_ENVIRON_BULL;WATER_RESOUR_MANAG;1
WATER_SCI_TECHNOL;ECOL_SOC;1
HYDROL_EARTH_SYST_SCI;ENVIRON_MONIT_ASSESS;1
BULL_MAR_SCI;AQUAT_BOT;1
AQUAT_ECOL;MAR_FRESHWATER_RES;1
ACTA_OCEANOL_SIN;MAR_CHEM;1
SCI_TOTAL_ENVIR;RIVER_RES_APPL;1
NORTHWEST_SCI;ENVIRON_MANAGE;1
ACTA_OCEANOL_SIN;MAR_ENVIRON_RES;1
WETLANDS;AQUAT_SCI;1
ENVIRON_MANAGE;GLOBAL_PLANET_CHANGE;1
HYDROL_RES;INT_J_CLIMATOL;1
EARTH_SURF_PROCESS_LANDF;ENG_GEOL;1
MAR_POLLUT_BULL;PROG_OCEANOGR;1
BIOL_CONSERV;MAR_FRESHWATER_RES;1
ICES_J_MAR_SCI;MAR_POLLUT_BULL;1
INT_J_REMOTE_SENS;CATENA;1
GEOPHYS_RES_LETT;ECOL_MONOGR;1
AFR_J_AQUAT_SCI;FRESHWATER_BIOL;1
J_HYDROL;PHYS_CHEM_EARTH;1
ECOL_MODEL;WATER_RESOUR_MANAG;1
AMER_MIDLAND_NATURALIST;BIOL_INVASIONS;1
ADV_WATER_RESOUR;GEOMORPHOLOGY;1
J_APPL_ECOL;WETLANDS;1
CONSERV_GENET;FISHERIES_MANAG_ECOL;1
GEODERMA;QUATERNARY_SCI_REV;1
CATENA;ENVIRON_MONIT_ASSESS;1
AQUAT_GEOCHEM;BIOGEOCHEMISTRY;1
PHYS_GEOGR;J_ENVIRON_QUAL;1
ECOL_APPL;ENVIRON_MONIT_ASSESS;1
NORTH_AM_J_FISH_MANAGE;BIOSCIENCE;1
N_Z_J_MAR_FRESHWATER_RES;J_FISH_BIOL;1
WATER_ENVIRON_RES;WATER_RESOUR_RES;1
MAR_ECOL-PROGR_SER;MAR_BIOL;1
RIVER_RES_APPL;ENVIRON_MANAGE;1
HYDROL_RES;ENVIRON_SCI_TECHNOL;1
FRESHWATER_BIOL;ECOL_MONOGR;1
WETLANDS;ECOL_APPL;1
ECOLOGY;J_HYDROL;1
ECOL_FRESHW_FISH;MAR_BIOL;1
PHYS_GEOGR;GEOMORPHOLOGY;1
J_QUATERNARY_SCI;GEOLOGY;1
INT_REV_HYDROBIOL;BIOL_INVASIONS;1
FRESEN_ENVIRON_BULL;REMOTE_SENS_ENVIRON;1
J_N_AMER_BENTHOL_SOC;J_HYDROL;1
INT_J_REMOTE_SENS;HYDROL_PROCESS;1
MAR_FRESHWATER_RES;ENVIRON_BIOL_FISH;1
ENVIRON_MANAGE;FRONT_ECOL_ENVIRON;1
C_R_GEOSCI;CHEM_GEOL;1
HYDROL_EARTH_SYST_SCI;ENVIRON_POLLUT;1
EARTH_SURF_PROCESS_LANDF;GLOBAL_PLANET_CHANGE;1
WATER_SA;RIVER_RES_APPL;1
ECOSYSTEMS;RIVER_RES_APPL;1
PHYS_CHEM_EARTH;ENVIRON_POLLUT;1
AQUAT_SCI;GEOPHYS_RES_LETT;1
ECOL_FRESHW_FISH;AQUAT_ECOL;1
J_GREAT_LAKES_RES;ENVIRON_POLLUT;1
J_HYDROL;ECOSYSTEMS;1
C_R_GEOSCI;GLOBAL_PLANET_CHANGE;1
AQUAT_BOT;PLANT_ECOL;1
FRESEN_ENVIRON_BULL;WATER_RES;1
J_SEA_RES;J_MARINE_SYST;1
WATER_RESOUR_MANAG;ENVIRON_MANAGE;1
J_ENVIRON_QUAL;ENVIRON_GEOL;1
FRESHWATER_BIOL;ENVIRON_SCI_TECHNOL;1
SCI_TOTAL_ENVIR;BIOGEOSCIENCES;1
J_PLANKTON_RES;J_GREAT_LAKES_RES;1
CAN_J_FISHERIES_AQUAT_SCI;CONSERV_BIOL;1
CONT_SHELF_RES;CHEM_GEOL;1
GEOCHIM_COSMOCHIM_ACTA;AQUAT_SCI;1
ENVIRON_BIOL_FISH;J_FRESHWATER_ECOL;1
ECOSYSTEMS;J_ECOL;1
EARTH_PLANET_SCI_LETT;LIMNOL_OCEANOGR;1
EARTH_SURF_PROCESS_LANDF;INT_J_REMOTE_SENS;1
J_APPL_ECOL;ECOL_APPL;1
CAN_J_FISHERIES_AQUAT_SCI;AQUAT_SCI;1
WATER_SCI_TECHNOL;J_ENVIRON_QUAL;1
FRESHWATER_BIOL;WATER_SA;1
ARCT_ANTARCT_ALP_RES;HYDROL_PROCESS;1
ENVIRON_POLLUT;CHEM_GEOL;1
J_APPL_ICHTHYOL;BIOL_INVASIONS;1
CONSERV_BIOL;ECOL_APPL;1
GEOCHIM_COSMOCHIM_ACTA;J_OCEANOGR;1
SOIL_SCI_SOC_AMER_J;J_ENVIRON_QUAL;1
WATER_SA;MAR_ENVIRON_RES;1
GEODERMA;WATER_RES;1
GEODERMA;GEOMORPHOLOGY;1
J_MARINE_SYST;PROG_OCEANOGR;1
TRANS_AMER_FISH_SOC;ENVIRON_MONIT_ASSESS;1
CAN_J_ZOOL;CONSERV_GENET;1
ECOL_APPL;WETLANDS;1
AQUAT_ECOL;ENVIRON_MONIT_ASSESS;1
MOL_ECOL;ECOLOGY;1
BIOSCIENCE;ECOL_MONOGR;1
BIOGEOSCIENCES;GEOLOGY;1
AMER_NATURALIST;ECOL_LETT;1
HARMFUL_ALGAE;BIOGEOSCIENCES;1
PROC_R_SOC_B;FISHERIES_MANAG_ECOL;1
AQUAT_CONSERV;HYDROBIOLOGIA;1
MAR_POLLUT_BULL;MAR_FRESHWATER_RES;1
REMOTE_SENS_ENVIRON;INT_J_CLIMATOL;1
ZOOL_STUD;FRESHWATER_BIOL;1
ENVIRON_POLLUT;MAR_FRESHWATER_RES;1
J_ENVIRON_ENG-ASCE;HYDROLOG_SCI_J;1
J_HYDROL;AQUAT_SCI;1
MAR_ECOL-PROGR_SER;MAR_FRESHWATER_RES;1
AGR_FOREST_METEOROL;INT_J_CLIMATOL;1
PHYS_GEOGR;J_ENVIRON_MANAGE;1
ECOL_MODEL;AGR_WATER_MANAGE;1
ECOL_SOC;HYDROLOG_SCI_J;1
AGR_WATER_MANAGE;J_ENVIRON_QUAL;1
HYDROL_EARTH_SYST_SCI;J_MARINE_SYST;1
HARMFUL_ALGAE;LIMNOL_OCEANOGR;1
WATER_RES;RIVER_RES_APPL;1
QUATERNARY_SCI_REV;MAR_CHEM;1
BIOL_INVASIONS;FRESHWATER_BIOL;1
LIMNOL_OCEANOGR;J_GREAT_LAKES_RES;1
ENVIRON_BIOL_FISH;GROUND_WATER;1
INT_REV_HYDROBIOL;GEOMORPHOLOGY;1
J_GEOL;GEOLOGY;1
CONSERV_GENET;EVOL_APPL;1
GEOLOGY;ENVIRON_SCI_TECHNOL;1
GEOLOGY;REMOTE_SENS_ENVIRON;1
LIMNOLOGICA;HYDROBIOLOGIA;1
CAN_J_FISHERIES_AQUAT_SCI;CHEM_GEOL;1
WATER_AIR_SOIL_POLLUT;ENVIRON_MANAGE;1
AQUAT_GEOCHEM;ENVIRON_SCI_TECHNOL;1
WATER_RES;ECOL_MODEL;1
CONT_SHELF_RES;J_GEOL;1
GLOBAL_PLANET_CHANGE;J_QUATERNARY_SCI;1
ENVIRON_MANAGE;ENVIRON_SCI_TECHNOL;1
GEOLOGY;QUATERNARY_RES;1
AMER_NATURALIST;FRESHWATER_BIOL;1
ENVIRON_MODELL_SOFTW;J_GEOL;1
J_EXP_MAR_BIOL_ECOL;MAR_FRESHWATER_RES;1
FRESHWATER_BIOL;NEOTROP_ICHTHYOL;1
WETLANDS;AQUAT_CONSERV;1
PROC_R_SOC_B;MOL_ECOL;1
INT_REV_HYDROBIOL;LIMNOLOGICA;1
ENVIRON_SCI_TECHNOL;CHEM_GEOL;1
Z_GEOMORPHOLOGIE;J_QUATERNARY_SCI;1
WATER_RESOUR_RES;QUATERN_INT;1
EARTH_SURF_PROCESS_LANDF;GEODIN_ACTA;1
FOREST_ECOL_MANAGE;BIOL_CONSERV;1
ENVIRON_SCI_TECHNOL;VADOSE_ZONE_J;1
ACTA_OCEANOL_SIN;J_MARINE_SYST;1
WATER_RESOUR_RES;ECOL_MODEL;1
EVOL_APPL;CONSERV_GENET;1
AQUAT_GEOCHEM;CHEM_GEOL;1
FISH_RES;FISHERIES_MANAG_ECOL;1
ENVIRON_BIOL_FISH;ECOL_FRESHW_FISH;1
GLOBAL_PLANET_CHANGE;MAR_CHEM;1
GROUND_WATER;HYDROL_PROCESS;1
ECOSYSTEMS;J_ENVIRON_ENG-ASCE;1
MOL_ECOL;BIOL_CONSERV;1
EARTH_PLANET_SCI_LETT;SURV_GEOPHYS;1
SEDIMENT_GEOL;J_HYDROL;1
ECOL_APPL;AMBIO;1
BIOGEOCHEMISTRY;J_MARINE_SYST;1
ESTUAR_COAST_SHELF_SCI;ICES_J_MAR_SCI;1
SENSORS;INT_J_REMOTE_SENS;1
ENVIRON_GEOL;J_PHYS_OCEANOGR;1
CAN_J_FISHERIES_AQUAT_SCI;ENVIRON_MANAGE;1
GEOPHYS_RES_LETT;ARCT_ANTARCT_ALP_RES;1
J_HYDROL;SURV_GEOPHYS;1
GEOMORPHOLOGY;ECOHYDROLOGY;1
AQUACULTURE;HYDROBIOLOGIA;1
GEOMORPHOLOGY;TECTONOPHYSICS;1
EVOL_APPL;AQUACULTURE;1
WATER_ENVIRON_RES;HYDROL_PROCESS;1
ENVIRON_TOXICOL_CHEM;MAR_POLLUT_BULL;1
WETLANDS;ENVIRON_SCI_TECHNOL;1
WATER_RESOUR_MANAG;J_HYDROL_ENG;1
FISH_RES;AQUACULTURE;1
GEOPHYS_RES_LETT;HYDROLOG_SCI_J;1
FRESHWATER_BIOL;GEOMORPHOLOGY;1
HYDROBIOLOGIA;AQUAT_CONSERV;1
RIVER_RES_APPL;CONT_SHELF_RES;1
ENVIRON_MODELL_SOFTW;HYDROLOG_SCI_J;1
FISHERIES_MANAG_ECOL;AQUAT_BIOL;1
AQUAT_MICROB_ECOL;ENVIRON_SCI_TECHNOL;1
ENVIRON_POLLUT;INT_REV_HYDROBIOL;1
J_GLACIOLOGY;ENVIRON_GEOL;1
WATER_SA;HYDROGEOL_J;1
AQUAT_MICROB_ECOL;HARMFUL_ALGAE;1
ENVIRON_POLLUT;J_GREAT_LAKES_RES;1
GEOLOGY;WATER_RESOUR_RES;1
ESTUAR_COAST_SHELF_SCI;AQUAT_BIOL;1
PHYS_GEOGR;J_HYDROL;1
PALAEOGEOGR_PALAEOCLIMATOL;QUATERN_INT;1
HYDROL_EARTH_SYST_SCI;INT_J_CLIMATOL;1
RIVER_RES_APPL;BIOGEOCHEMISTRY;1
MAR_FRESHWATER_RES;PROG_OCEANOGR;1
J_HYDROL;AGR_FOREST_METEOROL;1
HYDROBIOLOGIA;WETLANDS;1
ZOOL_STUD;GEOMORPHOLOGY;1
CONT_SHELF_RES;WATER_RES;1
APPL_GEOCHEM;ENVIRON_POLLUT;1
CAN_WATER_RESOUR_J;ARCT_ANTARCT_ALP_RES;1
C_R_GEOSCI;ECOL_APPL;1
CONT_SHELF_RES;OCEAN_MODEL;1
HARMFUL_ALGAE;WATER_RES;1
WATER_RESOUR_RES;WATER_RESOUR_MANAG;1
ECOL_MODEL;HYDROLOG_SCI_J;1
AQUAT_SCI;ECOL_MODEL;1
DEEP-SEA_RES_PT_II-TOP_ST_OCE;TECTONOPHYSICS;1
WETLANDS;GEODERMA;1
GLOBAL_PLANET_CHANGE;SEDIMENTOLOGY;1
J_CLIMATE;J_HYDROL_ENG;1
AMBIO;GEOLOGY;1
REV_FISH_BIOL_FISHERIES;AMBIO;1
RIVER_RES_APPL;WETLANDS;1
CONT_SHELF_RES;HYDROGEOL_J;1
FUNDAM_APPL_LIMNOL;J_FISH_BIOL;1
CONT_SHELF_RES;GEOLOGY;1
GEOPHYS_RES_LETT;ECOSYSTEMS;1
ENVIRON_SCI_TECHNOL;ORG_GEOCHEM;1
J_APPL_ICHTHYOL;RIVER_RES_APPL;1
WATER_SCI_TECHNOL;AGR_WATER_MANAGE;1
OECOLOGIA;ENVIRON_SCI_TECHNOL;1
MAR_CHEM;GEOPHYS_RES_LETT;1
ECOSYSTEMS;MAR_FRESHWATER_RES;1
BIOGEOCHEMISTRY;GEODERMA;1
MAR_FRESHWATER_RES;AQUAT_CONSERV;1
J_FRESHWATER_ECOL;HYDROBIOLOGIA;1
EARTH_PLANET_SCI_LETT;CONT_SHELF_RES;1
WATER_INT;ECOL_SOC;1
FRESHWATER_BIOL;AQUAT_ECOL;1
N_Z_J_MAR_FRESHWATER_RES;ECOL_LETT;1
J_FISH_BIOL;J_GREAT_LAKES_RES;1
SCI_TOTAL_ENVIR;WATER_RESOUR_MANAG;1
J_FRESHWATER_ECOL;ENVIRON_GEOL;1
BIOGEOSCIENCES;BIOSCIENCE;1
QUATERN_INT;SEDIMENT_GEOL;1
REV_FISH_BIOL_FISHERIES;GEOMORPHOLOGY;1
Z_GEOMORPHOLOGIE;GEOLOGY;1
J_N_AMER_BENTHOL_SOC;BIOSCIENCE;1
J_HYDROL;ECOL_MODEL;1
ENVIRON_SCI_TECHNOL;MAR_POLLUT_BULL;1
ESTUARIES_COASTS;BIOGEOCHEMISTRY;1
ZOOL_STUD;LIMNOLOGICA;1
MOL_ECOL;GEOMORPHOLOGY;1
ENVIRON_TOXICOL_CHEM;AMBIO;1
HYDROBIOLOGIA;J_APPL_ECOL;1
HYDROBIOLOGIA;WATER_SA;1
EVOL_APPL;MAR_BIOL;1
MAR_FRESHWATER_RES;ENVIRON_MANAGE;1
WATER_SCI_TECHNOL;ENVIRON_TOXICOL_CHEM;1
HYDROBIOLOGIA;OECOLOGIA;1
ENVIRON_SCI_TECHNOL;FRONT_ECOL_ENVIRON;1
J_AM_WATER_RESOUR_ASSOC;WATER_POLICY;1
HYDROBIOLOGIA;BIOGEOCHEMISTRY;1
FUNDAM_APPL_LIMNOL;ECOL_MODEL;1
REV_FISH_BIOL_FISHERIES;ENVIRON_BIOL_FISH;1
NEOTROP_ICHTHYOL;OECOLOGIA;1
Z_GEOMORPHOLOGIE;QUATERNARY_RES;1
J_N_AMER_BENTHOL_SOC;AQUAT_SCI;1
LIMNOL_OCEANOGR;AQUAT_BIOL;1
FRESHWATER_BIOL;J_EXP_MAR_BIOL_ECOL;1
ECOL_MONOGR;FRESHWATER_BIOL;1
PROC_R_SOC_B;J_FISH_BIOL;1
WATER_SCI_TECHNOL;ENVIRON_SCI_TECHNOL;1
LIMNOLOGICA;FRESEN_ENVIRON_BULL;1
J_GLACIOLOGY;HYDROL_PROCESS;1
PLANT_ECOL;AQUAT_BOT;1
MAR_ECOL-PROGR_SER;HYDROBIOLOGIA;1
J_WATER_RESOUR_PLAN_MAN-ASCE;HYDROBIOLOGIA;1
AQUAT_BIOL;AQUACULTURE;1
GEODERMA;ENVIRON_SCI_TECHNOL;1
GLOBAL_BIOGEOCHEM_CYCLE;ORG_GEOCHEM;1
ICES_J_MAR_SCI;EVOL_APPL;1
GEOPHYS_RES_LETT;SEDIMENTOLOGY;1
BIOGEOSCIENCES;ECOLOGY;1
SOIL_SCI_SOC_AMER_J;ENVIRON_POLLUT;1
FOREST_ECOL_MANAGE;ECOL_MONOGR;1
J_ANIM_ECOL;BIOL_CONSERV;1
GEOMORPHOLOGY;ENVIRON_POLLUT;1
RIVER_RES_APPL;ENVIRON_BIOL_FISH;1
J_HYDROL;HYDROBIOLOGIA;1
ECOSYSTEMS;ENVIRON_SCI_TECHNOL;1
CONSERV_BIOL;FRONT_ECOL_ENVIRON;1
BIOGEOCHEMISTRY;HYDROL_PROCESS;1
TRANS_AMER_FISH_SOC;AQUAT_CONSERV;1
AQUAT_SCI;J_ECOL;1
HYDROBIOLOGIA;FRONT_ECOL_ENVIRON;1
MAR_POLLUT_BULL;BIOGEOCHEMISTRY;1
ICES_J_MAR_SCI;J_FISH_BIOL;1
J_HYDROL;CONT_SHELF_RES;1
CAN_J_FISHERIES_AQUAT_SCI;FISHERIES_MANAG_ECOL;1
J_CLIMATE;GLOBAL_PLANET_CHANGE;1
QUATERNARY_SCI_REV;GEOPHYS_RES_LETT;1
ECOL_MODEL;RIVER_RES_APPL;1
ESTUAR_COAST_SHELF_SCI;ENVIRON_MODELL_SOFTW;1
ENVIRON_MANAGE;LIMNOLOGICA;1
CONT_SHELF_RES;LIMNOL_OCEANOGR;1
J_HYDROL_ENG;EARTH-SCI_REV;1
GEOLOGY;SEDIMENT_GEOL;1
FUNDAM_APPL_LIMNOL;J_SHELLFISH_RES;1
CAN_J_FISHERIES_AQUAT_SCI;SEDIMENTOLOGY;1
FRESHWATER_BIOL;ECOL_MODEL;1
BULL_MAR_SCI;FISH_RES;1
J_APPL_ECOL;ENVIRON_MONIT_ASSESS;1
J_MARINE_SYST;J_MAR_RES;1
J_PALEOLIMNOL;HYDROL_PROCESS;1
J_HYDROL;INT_J_SEDIMENT_RES;1
J_GREAT_LAKES_RES;FRESHWATER_BIOL;1
FOREST_ECOL_MANAGE;HYDROL_PROCESS;1
HYDROBIOLOGIA;J_PLANKTON_RES;1
MAR_ECOL-PROGR_SER;J_EXP_MAR_BIOL_ECOL;1
SEDIMENTOLOGY;GEOLOGY;1
TRANS_AMER_FISH_SOC;ECOSYSTEMS;1
CAN_J_ZOOL;EVOL_APPL;1
ENVIRON_MANAGE;ECOL_MODEL;1
J_FRESHWATER_ECOL;WATER_RES;1
GEOLOGY;CHEM_GEOL;1
ESTUAR_COAST_SHELF_SCI;HARMFUL_ALGAE;1
J_CLIMATE;WATER_RESOUR_MANAG;1
GEOLOGY;TECTONOPHYSICS;1
SCI_TOTAL_ENVIR;REMOTE_SENS_ENVIRON;1
MAR_FRESHWATER_RES;OECOLOGIA;1
LIMNOLOGICA;WATER_RES;1
BIOGEOCHEMISTRY;ENVIRON_POLLUT;1
HYDROL_RES;ENVIRON_POLLUT;1
HYDROL_EARTH_SYST_SCI;AMBIO;1
NAT_HAZARDS_EARTH_SYST_SCI;WATER_RESOUR_MANAG;1
CAN_J_FISHERIES_AQUAT_SCI;AQUACULTURE;1
J_FISH_BIOL;BIOL_INVASIONS;1
J_QUATERNARY_SCI;GEOMORPHOLOGY;1
PALAEOGEOGR_PALAEOCLIMATOL;ORG_GEOCHEM;1
NORTH_AM_J_FISH_MANAGE;ECOL_MONOGR;1
ENVIRON_SCI_TECHNOL;ECOL_MONOGR;1
FOREST_ECOL_MANAGE;ENVIRON_POLLUT;1
AMER_MIDLAND_NATURALIST;ENVIRON_BIOL_FISH;1
AQUAT_SCI;NEOTROP_ICHTHYOL;1
GLOBAL_PLANET_CHANGE;J_GEOL;1
ECOL_APPL;ECOL_SOC;1
BIOL_INVASIONS;FISHERIES;1
ENVIRON_SCI_TECHNOL;FRESHWATER_BIOL;1
J_AM_WATER_RESOUR_ASSOC;GEOPHYS_RES_LETT;1
HYDROBIOLOGIA;MAR_FRESHWATER_RES;1
EARTH_PLANET_SCI_LETT;HYDROGEOL_J;1
ENVIRON_MONIT_ASSESS;WATER_ENVIRON_RES;1
WATER_AIR_SOIL_POLLUT;FRESHWATER_BIOL;1
PALAEOGEOGR_PALAEOCLIMATOL;BOREAS;1
ESTUARIES_COASTS;FISHERIES;1
PALAEOGEOGR_PALAEOCLIMATOL;J_QUATERNARY_SCI;1
ENVIRON_MANAGE;AMBIO;1
ECOL_FRESHW_FISH;ECOL_MODEL;1
ENVIRON_TOXICOL_CHEM;MAR_CHEM;1
CONT_SHELF_RES;HOLOCENE;1
WATER_SA;BIOL_CONSERV;1
FUNDAM_APPL_LIMNOL;LIMNOLOGICA;1
AQUAT_MICROB_ECOL;ECOSYSTEMS;1
WATER_RES;ENVIRON_GEOL;1
FISHERIES;FISH_RES;1
NAT_HAZARDS_EARTH_SYST_SCI;GEOMORPHOLOGY;1
ADV_WATER_RESOUR;HYDROL_PROCESS;1
CONT_SHELF_RES;J_SEA_RES;1
CAN_J_FISHERIES_AQUAT_SCI;OECOLOGIA;1
GEOCHIM_COSMOCHIM_ACTA;QUATERNARY_SCI_REV;1
TRANS_AMER_FISH_SOC;AQUAT_BIOL;1
GEOPHYS_RES_LETT;ENVIRON_GEOL;1
TRANS_AMER_FISH_SOC;ECOL_MONOGR;1
ECOL_FRESHW_FISH;WETLANDS;1
HYDROBIOLOGIA;J_HYDROL;1
ACTA_OCEANOL_SIN;MAR_POLLUT_BULL;1
ENVIRON_POLLUT;J_ENVIRON_QUAL;1
AMER_NATURALIST;AQUAT_BOT;1
BIOL_CONSERV;HYDROL_PROCESS;1
ECOL_SOC;AQUAT_CONSERV;1
WATER_RESOUR_RES;AGR_FOREST_METEOROL;1
CAN_J_FISHERIES_AQUAT_SCI;LANDSC_ECOL_ENG;1
GEOL_SOC_AMER_BULL;SEDIMENT_GEOL;1
AQUAT_SCI;ZOOL_STUD;1
GEOGR_FIS_DIN_QUAT;GLOBAL_PLANET_CHANGE;1
HYDROL_PROCESS;ENG_GEOL;1
RIVER_RES_APPL;J_APPL_ICHTHYOL;1
ENVIRON_MONIT_ASSESS;APPL_GEOCHEM;1
ENVIRON_BIOL_FISH;MAR_BIOL;1
GLOBAL_PLANET_CHANGE;HYDROL_PROCESS;1
STOCH_ENVIRON_RES_RISK_ASSESS;J_HYDROMETEOROL;1
HYDROBIOLOGIA;MOL_ECOL;1
WATER_ENVIRON_RES;AQUAT_SCI;1
GEOPHYS_RES_LETT;ECOHYDROLOGY;1
ECOL_MODEL;BIOL_CONSERV;1
CATENA;FRESHWATER_BIOL;1
REV_FISH_SCI;HYDROL_PROCESS;1
C_R_GEOSCI;QUATERNARY_RES;1
SOIL_SCI_SOC_AMER_J;GEODERMA;1
J_HYDROL;J_SOIL_WATER_CONSERV;1
GEOPHYS_RES_LETT;CATENA;1
HOLOCENE;MOL_ECOL;1
AMBIO;ENVIRON_SCI_TECHNOL;1
BIOL_CONSERV;J_ANIM_ECOL;1
FRESHWATER_BIOL;ECOL_LETT;1
TRANS_AMER_FISH_SOC;HYDROL_PROCESS;1
ECOL_FRESHW_FISH;INT_REV_HYDROBIOL;1
WATER_AIR_SOIL_POLLUT;MAR_FRESHWATER_RES;1
EARTH_SURF_PROCESS_LANDF;HYDROBIOLOGIA;1
ECOL_MODEL;ENVIRON_MONIT_ASSESS;1
WATER_AIR_SOIL_POLLUT;RIVER_RES_APPL;1
STOCH_ENVIRON_RES_RISK_ASSESS;ECOL_MODEL;1
J_EXP_MAR_BIOL_ECOL;MAR_POLLUT_BULL;1
HYDROLOG_SCI_J;AGR_WATER_MANAGE;1
HYDROL_EARTH_SYST_SCI;EARTH-SCI_REV;1
ESTUARIES_COASTS;J_MARINE_SYST;1
QUATERNARY_SCI_REV;CHEM_GEOL;1
SEDIMENT_GEOL;WATER_RESOUR_RES;1
ENVIRON_BIOL_FISH;RIVER_RES_APPL;1
Z_GEOMORPHOLOGIE;HYDROL_PROCESS;1
GEOMORPHOLOGY;LANDSLIDES;1
FRESHWATER_BIOL;AQUAT_SCI;1
J_N_AMER_BENTHOL_SOC;FISHERIES_MANAG_ECOL;1
AQUAT_CONSERV;MAR_POLLUT_BULL;1
BIOGEOSCIENCES;J_MARINE_SYST;1
GLOBAL_PLANET_CHANGE;BOREAS;1
APPL_GEOCHEM;WATER_RESOUR_RES;1
AQUAT_BOT;FUNCT_ECOL;1
J_AM_WATER_RESOUR_ASSOC;ECOL_MONOGR;1
BIOSCIENCE;HYDROBIOLOGIA;1
ENVIRON_SCI_TECHNOL;ENVIRON_MANAGE;1
CONSERV_GENET;ENVIRON_BIOL_FISH;1
GEODERMA;ENVIRON_TOXICOL_CHEM;1
ENVIRON_SCI_TECHNOL;ENVIRON_GEOL;1
INT_J_CLIMATOL;WATER_RESOUR_RES;1
ENVIRON_TOXICOL_CHEM;HYDROBIOLOGIA;1
MAR_FRESHWATER_RES;HYDROL_PROCESS;1
J_ENVIRON_MANAGE;ECOL_APPL;1
AGR_WATER_MANAGE;ENVIRON_POLLUT;1
J_EXP_MAR_BIOL_ECOL;LIMNOL_OCEANOGR;1
HYDROLOG_SCI_J;HYDROL_RES;1
APPL_GEOCHEM;ORG_GEOCHEM;1
J_N_AMER_BENTHOL_SOC;ECOL_LETT;1
ENVIRON_BIOL_FISH;AQUAT_BIOL;1
DEEP-SEA_RES_PT_I-OCEANOG_RES;GEOPHYS_RES_LETT;1
WATER_AIR_SOIL_POLLUT;WATER_RES;1
RIVER_RES_APPL;EARTH-SCI_REV;1
AQUAT_SCI;AQUAT_CONSERV;1
AQUAT_ECOL;ENVIRON_MANAGE;1
HYDROBIOLOGIA;J_GREAT_LAKES_RES;1
HYDROL_EARTH_SYST_SCI;FRESHWATER_BIOL;1
ORG_GEOCHEM;WATER_RES;1
J_OCEANOGR;WATER_RES;1
CAN_J_FISHERIES_AQUAT_SCI;OCEAN_MODEL;1
HYDROBIOLOGIA;J_EXP_MAR_BIOL_ECOL;1
NAT_HAZARDS_EARTH_SYST_SCI;HOLOCENE;1
J_FRESHWATER_ECOL;AQUAT_ECOL;1
J_HYDROL_ENG;RIVER_RES_APPL;1
AGR_WATER_MANAGE;AGR_FOREST_METEOROL;1
AGR_WATER_MANAGE;ENVIRON_GEOL;1
J_SOIL_WATER_CONSERV;ENVIRON_MONIT_ASSESS;1
ENVIRON_GEOL;CONT_SHELF_RES;1
FISHERIES_SCIENCE;ENVIRON_BIOL_FISH;1
FISHERIES_MANAG_ECOL;EVOL_APPL;1
FUNDAM_APPL_LIMNOL;ECOL_FRESHW_FISH;1
WATER_RESOUR_MANAG;ENVIRON_GEOL;1
OIKOS;ECOL_MONOGR;1
WATER_RESOUR_RES;ECOL_MONOGR;1
PHYS_GEOGR;ENVIRON_GEOL;1
RIVER_RES_APPL;GROUND_WATER;1
ECOL_SOC;CONSERV_BIOL;1
ENVIRON_BIOL_FISH;AQUAT_CONSERV;1
J_ANIM_ECOL;FRESHWATER_BIOL;1
J_PHYS_OCEANOGR;J_MARINE_SYST;1
OCEAN_MODEL;WATER_RESOUR_RES;1
HYDROBIOLOGIA;J_FRESHWATER_ECOL;1
QUATERNARY_SCI_REV;BOREAS;1
J_WATER_RESOUR_PLAN_MAN-ASCE;ENVIRON_MODELL_SOFTW;1
CONSERV_BIOL;ECOSYSTEMS;1
AQUAT_SCI;OECOLOGIA;1
DEEP-SEA_RES_PT_I-OCEANOG_RES;GEOLOGY;1
J_ANIM_ECOL;J_APPL_ECOL;1
ENVIRON_MANAGE;BIOL_CONSERV;1
INT_J_REMOTE_SENS;J_ARID_ENVIRON;1
CONSERV_GENET;BIOL_CONSERV;1
MAR_POLLUT_BULL;J_SEA_RES;1
AQUAT_CONSERV;J_ENVIRON_MANAGE;1
MOL_ECOL;QUATERNARY_RES;1
J_ENVIRON_QUAL;VADOSE_ZONE_J;1
TRANS_AMER_FISH_SOC;ENVIRON_MODELL_SOFTW;1
AQUAT_MICROB_ECOL;HYDROBIOLOGIA;1
ESTUARIES_COASTS;ENVIRON_POLLUT;1
ENVIRON_MODELL_SOFTW;ECOL_MONOGR;1
WATER_AIR_SOIL_POLLUT;GEOMORPHOLOGY;1
J_MARINE_SYST;WATER_RESOUR_RES;1
FUNDAM_APPL_LIMNOL;BIOL_CONSERV;1
AQUAT_SCI;ENVIRON_MANAGE;1
AQUACULTURE;ENVIRON_SCI_TECHNOL;1
HYDROBIOLOGIA;J_APPL_ICHTHYOL;1
APPL_GEOCHEM;J_ENVIRON_QUAL;1
ENVIRON_MODELL_SOFTW;WATER_RESOUR_MANAG;1
HYDROL_PROCESS;PHYS_CHEM_EARTH;1
APPL_ENVIRON_MICROBIOL;INT_REV_HYDROBIOL;1
J_HYDROL;SEDIMENTOLOGY;1
CAN_WATER_RESOUR_J;J_HYDROL;1
ESTUAR_COAST_SHELF_SCI;MAR_FRESHWATER_RES;1
CAN_J_FISHERIES_AQUAT_SCI;J_FRESHWATER_ECOL;1
FOREST_ECOL_MANAGE;NORTHWEST_SCI;1
AFR_J_AQUAT_SCI;J_HYDROL;1
RIVER_RES_APPL;NEOTROP_ICHTHYOL;1
GEOLOGY;J_HYDROMETEOROL;1
BIOGEOCHEMISTRY;FRONT_ECOL_ENVIRON;1
CONSERV_BIOL;BIOL_CONSERV;1
MAR_ENVIRON_RES;APPL_GEOCHEM;1
MICROBIAL_ECOL;HYDROBIOLOGIA;1
WATER_RESOUR_RES;VADOSE_ZONE_J;1
AQUAT_SCI;J_ARID_ENVIRON;1
GEOPHYS_RES_LETT;CONT_SHELF_RES;1
ADV_WATER_RESOUR;J_HYDROMETEOROL;1
J_ENVIRON_MANAGE;CONSERV_BIOL;1
J_PALEOLIMNOL;QUATERNARY_SCI_REV;1
GROUND_WATER;ENVIRON_GEOL;1
J_FISH_BIOL;J_EXP_MAR_BIOL_ECOL;1
ENVIRON_TOXICOL_CHEM;APPL_GEOCHEM;1
PROG_PHYS_GEOG;GLOBAL_PLANET_CHANGE;1
FRESHWATER_BIOL;J_GREAT_LAKES_RES;1
GEOLOGY;ENVIRON_GEOL;1
J_ENVIRON_MANAGE;AGR_FOREST_METEOROL;1
J_HYDROL;MAR_CHEM;1
FOREST_ECOL_MANAGE;GLOBAL_PLANET_CHANGE;1
ESTUARIES_COASTS;OECOLOGIA;1
OIKOS;ECOSYSTEMS;1
ENVIRON_MANAGE;WETLANDS;1
J_ENVIRON_QUAL;APPL_GEOCHEM;1
WATER_ENVIRON_RES;VADOSE_ZONE_J;1
ENVIRON_POLLUT;J_HYDROL;1
MAR_POLLUT_BULL;ECOL_APPL;1
NATURAL_HAZARDS;METEOROL_ATMOS_PHYS;1
HYDROL_EARTH_SYST_SCI;GLOBAL_PLANET_CHANGE;1
J_PALEOLIMNOL;J_ANIM_ECOL;1
J_HYDROL;INT_J_REMOTE_SENS;1
J_GEOL;ORG_GEOCHEM;1
ENVIRON_SCI_TECHNOL;J_CONTAM_HYDROL;1
CATENA;HYDROLOG_SCI_J;1
ECOHYDROLOGY;HYDROGEOL_J;1
FUNCT_ECOL;MOL_ECOL;1
AQUAT_BIOL;MAR_FRESHWATER_RES;1
HYDROL_PROCESS;WATER_RESOUR_MANAG;1
WATER_RESOUR_MANAG;INT_J_CLIMATOL;1
WATER_RES;AQUAT_CONSERV;1
LIMNOL_OCEANOGR;ECOL_MODEL;1
J_FRESHWATER_ECOL;ENVIRON_MONIT_ASSESS;1
REV_FISH_BIOL_FISHERIES;BIOL_INVASIONS;1
J_HYDROMETEOROL;PHYS_CHEM_EARTH;1
AGR_FOREST_METEOROL;AGR_WATER_MANAGE;1
GEOLOGY;J_GEOL;1
HYDROBIOLOGIA;J_SHELLFISH_RES;1
GEOMORPHOLOGY;INT_J_CLIMATOL;1
GEOMORPHOLOGY;J_PALEOLIMNOL;1
ENVIRON_SCI_TECHNOL;J_MARINE_SYST;1
NORTHEAST_NAT;CONSERV_GENET;1
N_Z_J_MAR_FRESHWATER_RES;ENVIRON_MONIT_ASSESS;1
J_AM_WATER_RESOUR_ASSOC;FRONT_ECOL_ENVIRON;1
J_HYDROINFORM;J_HYDROL_ENG;1
ENVIRON_MONIT_ASSESS;AQUAT_CONSERV;1
EVOL_APPL;BEHAV_ECOL;1
WATER_RES;ORG_GEOCHEM;1
GLOBAL_PLANET_CHANGE;CHEM_GEOL;1
J_ENVIRON_ENG-ASCE;J_HYDROL_ENG;1
APPL_GEOCHEM;GLOBAL_PLANET_CHANGE;1
J_HYDROL;GEODERMA;1
NAT_HAZARDS_EARTH_SYST_SCI;ECOL_MODEL;1
GLOBAL_PLANET_CHANGE;J_ENVIRON_MANAGE;1
ESTUARIES_COASTS;HYDROBIOLOGIA;1
REV_FISH_BIOL_FISHERIES;NEOTROP_ICHTHYOL;1
AQUAT_ECOL;AQUAT_BOT;1
HYDROL_PROCESS;ARCT_ANTARCT_ALP_RES;1
CAN_WATER_RESOUR_J;CHEM_GEOL;1
URBAN_WATER_J;ENVIRON_TOXICOL_CHEM;1
GEOLOGY;MAR_CHEM;1
AQUAT_ECOL;AQUAT_SCI;1
WATER_RESOUR_RES;ECOL_SOC;1
HYDROL_EARTH_SYST_SCI;FRONT_ECOL_ENVIRON;1
TRANS_AMER_FISH_SOC;LIMNOL_OCEANOGR;1
AGR_FOREST_METEOROL;J_ENVIRON_QUAL;1
NORTHEAST_NAT;FISHERIES;1
LIMNOLOGICA;J_FRESHWATER_ECOL;1
ESTUAR_COAST_SHELF_SCI;INT_J_CLIMATOL;1
WATER_RESOUR_RES;J_MARINE_SYST;1
LANDSLIDES;EARTH-SCI_REV;1
ENVIRON_TOXICOL_CHEM;ENVIRON_MODELL_SOFTW;1
BIOSCIENCE;ECOL_FRESHW_FISH;1
RIVER_RES_APPL;BIOL_CONSERV;1
ESTUAR_COAST_SHELF_SCI;J_FISH_BIOL;1
HYDROL_PROCESS;QUATERN_INT;1
ESTUARIES_COASTS;WATER_RESOUR_RES;1
GEOCHIM_COSMOCHIM_ACTA;QUATERN_INT;1
ECOHYDROLOGY;FRONT_ECOL_ENVIRON;1
J_ENVIRON_MANAGE;PHYS_CHEM_EARTH;1
GEOL_SOC_AMER_BULL;CONT_SHELF_RES;1
AQUAC_RES;J_FISH_BIOL;1
WATER_AIR_SOIL_POLLUT;ENVIRON_MODELL_SOFTW;1
BIOGEOSCIENCES;ENVIRON_SCI_TECHNOL;1
AQUACULTURE;MOL_ECOL;1
PALAEOGEOGR_PALAEOCLIMATOL;GEOMORPHOLOGY;1
FUNDAM_APPL_LIMNOL;AMBIO;1
ENVIRON_MANAGE;ECOL_MONOGR;1
TRANS_AMER_FISH_SOC;INT_REV_HYDROBIOL;1
GEOPHYS_RES_LETT;WATER_RES;1
LIMNOL_OCEANOGR;J_HYDROL;1
ENVIRON_GEOL;WATER_POLICY;1
GROUND_WATER;WATER_RESOUR_RES;1
J_N_AMER_BENTHOL_SOC;MOL_ECOL;1
MAR_FRESHWATER_RES;GEOPHYS_RES_LETT;1
WATER_AIR_SOIL_POLLUT;J_ENVIRON_MANAGE;1
FISH_RES;HYDROBIOLOGIA;1
ARCT_ANTARCT_ALP_RES;GEOPHYS_RES_LETT;1
GEOL_SOC_AMER_BULL;QUATERNARY_SCI_REV;1
ENVIRON_BIOL_FISH;FISHERIES_MANAG_ECOL;1
AMBIO;WATER_RESOUR_RES;1
NEOTROP_ICHTHYOL;RIVER_RES_APPL;1
FOREST_ECOL_MANAGE;GEOMORPHOLOGY;1
AFR_J_AQUAT_SCI;HYDROBIOLOGIA;1
FISHERIES_OCEANOGR;J_EXP_MAR_BIOL_ECOL;1
BIOL_J_LINN_SOC;CONSERV_GENET;1
CAN_WATER_RESOUR_J;GLOBAL_PLANET_CHANGE;1
LIMNOL_OCEANOGR;ORG_GEOCHEM;1
BIOGEOCHEMISTRY;CONT_SHELF_RES;1
AQUAT_BIOL;ZOOL_STUD;1
AQUAT_SCI;FRONT_ECOL_ENVIRON;1
FISHERIES_MANAG_ECOL;REV_FISH_SCI;1
NATURAL_HAZARDS;ENVIRON_MODELL_SOFTW;1
WATER_AIR_SOIL_POLLUT;HYDROBIOLOGIA;1
ECOSYSTEMS;ECOLOGY;1
IRRIG_SCI;HYDROL_PROCESS;1
BIOSCIENCE;ECOL_LETT;1
J_EXP_MAR_BIOL_ECOL;J_SHELLFISH_RES;1
WATER_RESOUR_MANAG;FRESEN_ENVIRON_BULL;1
J_OCEANOGR;CONT_SHELF_RES;1
ECOSYSTEMS;J_ENVIRON_QUAL;1
GEOL_SOC_AMER_BULL;QUATERNARY_RES;1
HYDROGEOL_J;HYDROBIOLOGIA;1
HYDROBIOLOGIA;ENVIRON_MODELL_SOFTW;1
ESTUAR_COAST_SHELF_SCI;CONSERV_BIOL;1
MAR_FRESHWATER_RES;FISHERIES;1
J_ENVIRON_MANAGE;ECOL_SOC;1
ENVIRON_SCI_TECHNOL;GEOPHYS_RES_LETT;1
J_HYDROMETEOROL;INT_J_CLIMATOL;1
MAR_FRESHWATER_RES;MAR_BIOL;1
APPL_ENVIRON_MICROBIOL;AQUAT_SCI;1
AQUAT_SCI;WATER_RES;1
TRANS_AMER_FISH_SOC;J_FRESHWATER_ECOL;1
J_MARINE_SYST;J_EXP_MAR_BIOL_ECOL;1
QUATERNARY_RES;QUATERNARY_SCI_REV;1
WATER_SA;J_CONTAM_HYDROL;1
J_HYDROINFORM;ENVIRON_GEOL;1
FISHERIES_MANAG_ECOL;MAR_FRESHWATER_RES;1
INT_J_CLIMATOL;GEOPHYS_RES_LETT;1
WATER_RESOUR_RES;HYDROL_RES;1
HYDROLOG_SCI_J;FISHERIES_MANAG_ECOL;1
HYDROL_PROCESS;GROUND_WATER;1
J_HYDROL;GEOGR_RES;1
ECOL_APPL;ECOSYSTEMS;1
CAN_J_FISHERIES_AQUAT_SCI;NORTHEAST_NAT;1
WATER_AIR_SOIL_POLLUT;ORG_GEOCHEM;1
FISHERIES_SCIENCE;MAR_BIOL;1
MAR_CHEM;FRESEN_ENVIRON_BULL;1
ECOL_FRESHW_FISH;ENVIRON_MONIT_ASSESS;1
MAR_ECOL-PROGR_SER;ECOL_FRESHW_FISH;1
J_HYDROL;ENVIRON_TOXICOL_CHEM;1
ECOHYDROLOGY;OECOLOGIA;1
CHEM_GEOL;GEODERMA;1
BIOSCIENCE;ORG_GEOCHEM;1
FISHERIES_MANAG_ECOL;ICES_J_MAR_SCI;1
CAN_J_FISHERIES_AQUAT_SCI;CAN_J_ZOOL;1
QUATERN_INT;WATER_RESOUR_RES;1
CAN_WATER_RESOUR_J;OECOLOGIA;1
FRESHWATER_BIOL;FUNCT_ECOL;1
WATER_RESOUR_RES;BIOSCIENCE;1
ENVIRON_POLLUT;FRESHWATER_BIOL;1
HYDROL_EARTH_SYST_SCI;CHEM_GEOL;1
BIOGEOSCIENCES;WETLANDS;1
AQUAT_ECOSYST_HEALTH_MANAG;J_GREAT_LAKES_RES;1
ICES_J_MAR_SCI;ENVIRON_SCI_TECHNOL;1
ACTA_OCEANOL_SIN;J_OCEANOGR;1
AQUAT_ECOL;OIKOS;1
ECOL_MODEL;OECOLOGIA;1
MAR_ECOL-PROGR_SER;AQUAT_BOT;1
CATENA;J_SOIL_WATER_CONSERV;1
CAN_WATER_RESOUR_J;QUATERNARY_RES;1
WATER_ENVIRON_RES;APPL_GEOCHEM;1
GLOBAL_PLANET_CHANGE;SEDIMENT_GEOL;1
MAR_FRESHWATER_RES;MAR_POLLUT_BULL;1
APPL_ENVIRON_MICROBIOL;MAR_CHEM;1
HYDROL_RES;CONT_SHELF_RES;1
FISH_BULL;CAN_J_ZOOL;1
HYDROL_RES;HYDROGEOL_J;1
SCI_TOTAL_ENVIR;FISHERIES_MANAG_ECOL;1
APPL_ENVIRON_MICROBIOL;LIMNOLOGICA;1
AQUAT_BOT;WETLANDS;1
MAR_CHEM;APPL_GEOCHEM;1
FISHERIES;FRONT_ECOL_ENVIRON;1
AQUAT_SCI;AQUAT_MICROB_ECOL;1
CATENA;ENVIRON_MODELL_SOFTW;1
GEOPHYS_RES_LETT;LIMNOL_OCEANOGR;1
MAR_CHEM;AQUAT_GEOCHEM;1
WETLANDS;J_HYDROL;1
HOLOCENE;PROG_OCEANOGR;1
TRANS_AMER_FISH_SOC;WATER_RESOUR_RES;1
APPL_GEOCHEM;CATENA;1
SCI_TOTAL_ENVIR;J_CONTAM_HYDROL;1
DEEP-SEA_RES_PT_I-OCEANOG_RES;LIMNOL_OCEANOGR;1
CAN_J_ZOOL;ECOL_FRESHW_FISH;1
GEOL_SOC_AMER_BULL;BIOGEOCHEMISTRY;1
ECOL_APPL;J_FISH_BIOL;1
MOL_ECOL;CAN_J_ZOOL;1
GEOMORPHOLOGY;APPL_GEOCHEM;1
J_APPL_ICHTHYOL;N_AM_J_AQUACULT;1
HYDROL_EARTH_SYST_SCI;RIVER_RES_APPL;1
MOL_ECOL;J_GREAT_LAKES_RES;1
BIOGEOCHEMISTRY;BIOGEOSCIENCES;1
EVOL_APPL;RIVER_RES_APPL;1
WATER_SA;ENVIRON_MONIT_ASSESS;1
BIOL_CONSERV;ECOL_LETT;1
LIMNOL_OCEANOGR;WATER_RES;1
LANDSC_ECOL_ENG;CATENA;1
GEOL_SOC_AMER_BULL;GEOPHYS_RES_LETT;1
CAN_J_FISHERIES_AQUAT_SCI;ECOL_FRESHW_FISH;1
PHYS_CHEM_EARTH;ECOL_SOC;1
BIOL_CONSERV;J_APPL_ECOL;1
J_PLANKTON_RES;FRONT_ECOL_ENVIRON;1
GEOMORPHOLOGY;ECOL_APPL;1
CONSERV_GENET;EVOLUTION;1
ECOL_APPL;LIMNOL_OCEANOGR;1
BIOGEOCHEMISTRY;APPL_GEOCHEM;1
TRANS_AMER_FISH_SOC;BIOL_CONSERV;1
CAN_J_FISHERIES_AQUAT_SCI;ECOLOGY;1
J_HYDROMETEOROL;J_HYDROL_ENG;1
BIOL_CONSERV;FISH_RES;1
WETLANDS;ECOSYSTEMS;1
SCI_TOTAL_ENVIR;MAR_ENVIRON_RES;1
BOREAS;LANDSLIDES;1
MAR_ECOL-PROGR_SER;FISHERIES_MANAG_ECOL;1
FRESEN_ENVIRON_BULL;AQUAT_ECOL;1
PALAEOGEOGR_PALAEOCLIMATOL;AQUAT_GEOCHEM;1
J_FRESHWATER_ECOL;FISHERIES_MANAG_ECOL;1
ENVIRON_SCI_TECHNOL;J_ENVIRON_MANAGE;1
AQUAT_SCI;QUATERN_INT;1
REV_FISH_BIOL_FISHERIES;QUATERN_INT;1
ECOL_MODEL;ECOL_LETT;1
J_ARID_ENVIRON;BIOGEOCHEMISTRY;1
ENVIRON_MONIT_ASSESS;ENVIRON_TOXICOL_CHEM;1
J_MAR_RES;CONT_SHELF_RES;1
HYDROLOG_SCI_J;ENVIRON_MONIT_ASSESS;1
J_HYDROL;HYDROL_RES;1
J_PALEOLIMNOL;MAR_CHEM;1
J_ENVIRON_QUAL;HYDROGEOL_J;1
ENVIRON_MODELL_SOFTW;RIVER_RES_APPL;1
HYDROL_EARTH_SYST_SCI;HYDROGEOL_J;1
AGR_WATER_MANAGE;CATENA;1
J_AM_WATER_RESOUR_ASSOC;BIOGEOCHEMISTRY;1
J_APPL_ICHTHYOL;MOL_ECOL;1
MAR_FRESHWATER_RES;MAR_ENVIRON_RES;1
J_WATER_RESOUR_PLAN_MAN-ASCE;J_ENVIRON_ENG-ASCE;1
GEOMORPHOLOGY;EARTH-SCI_REV;1
J_HYDROL_ENG;FRESEN_ENVIRON_BULL;1
MOL_ECOL;ECOL_LETT;1
CAN_J_ZOOL;J_FISH_BIOL;1
WATER_INT;GEOMORPHOLOGY;1
CAN_J_ZOOL;J_HYDROL;1
ECOSYSTEMS;J_ARID_ENVIRON;1
CHEM_GEOL;HYDROLOG_SCI_J;1
ECOHYDROLOGY;ENVIRON_MANAGE;1
WATER_ENVIRON_RES;J_HYDROL;1
SOUTHEAST_NAT;HYDROBIOLOGIA;1
C_R_GEOSCI;ECOLOGY;1
ENVIRON_BIOL_FISH;EVOL_APPL;1
FRESEN_ENVIRON_BULL;LIMNOL_OCEANOGR;1
ECOL_MODEL;MAR_POLLUT_BULL;1
RIVER_RES_APPL;REMOTE_SENS_ENVIRON;1
PROG_PHYS_GEOG;HYDROL_PROCESS;1
ENVIRON_MANAGE;INT_REV_HYDROBIOL;1
MAR_GEOLOGY;MAR_CHEM;1
NEOTROP_ICHTHYOL;AQUAT_ECOL;1
STOCH_ENVIRON_RES_RISK_ASSESS;WATER_RESOUR_RES;1
J_FISH_BIOL;AQUAT_CONSERV;1
REV_FISH_BIOL_FISHERIES;HYDROBIOLOGIA;1
J_EXP_MAR_BIOL_ECOL;AQUAT_CONSERV;1
BIOGEOSCIENCES;J_ARID_ENVIRON;1
LANDSC_ECOL_ENG;HYDROL_PROCESS;1
J_QUATERNARY_SCI;QUATERNARY_SCI_REV;1
FUNDAM_APPL_LIMNOL;AQUAT_BOT;1
ENVIRON_POLLUT;RIVER_RES_APPL;1
HYDROBIOLOGIA;ENVIRON_POLLUT;1
BIOGEOCHEMISTRY;ECOL_MODEL;1
TRANS_AMER_FISH_SOC;EVOL_APPL;1
J_AM_WATER_RESOUR_ASSOC;ENVIRON_SCI_TECHNOL;1
PHYS_CHEM_EARTH;J_ENVIRON_QUAL;1
J_ENVIRON_QUAL;WATER_SCI_TECHNOL;1
CATENA;QUATERNARY_RES;1
ENVIRON_GEOL;GEODERMA;1
NORTH_AM_J_FISH_MANAGE;J_GREAT_LAKES_RES;1
FRESHWATER_BIOL;HYDROLOG_SCI_J;1
FISH_RES;ECOL_FRESHW_FISH;1
HYDROL_RES;FRESHWATER_BIOL;1
CONT_SHELF_RES;EARTH-SCI_REV;1
RIVER_RES_APPL;CONSERV_BIOL;1
AMER_MIDLAND_NATURALIST;FISHERIES;1
J_FRESHWATER_ECOL;ECOL_FRESHW_FISH;1
AQUAT_ECOL;J_APPL_ECOL;1
FRESEN_ENVIRON_BULL;ENVIRON_GEOL;1
APPL_GEOCHEM;HYDROBIOLOGIA;1
LIMNOLOGICA;MAR_CHEM;1
GEOPHYS_RES_LETT;AMBIO;1
AFR_J_AQUAT_SCI;LIMNOLOGICA;1
CAN_WATER_RESOUR_J;ENVIRON_MONIT_ASSESS;1
NEOTROP_ICHTHYOL;BIOSCIENCE;1
OIKOS;J_APPL_ECOL;1
HYDROL_PROCESS;J_ENVIRON_QUAL;1
OCEAN_DYN;MAR_CHEM;1
J_ENVIRON_QUAL;ECOL_MODEL;1
CONT_SHELF_RES;SEDIMENTOLOGY;1
J_CONTAM_HYDROL;HYDROGEOL_J;1
ECOL_MODEL;REMOTE_SENS_ENVIRON;1
ENVIRON_BIOL_FISH;ECOLOGY;1
AQUAT_ECOL;AQUAT_CONSERV;1
BOREAS;GEOMORPHOLOGY;1
NORTHWEST_SCI;HYDROBIOLOGIA;1
GEOPHYS_RES_LETT;PROG_OCEANOGR;1
REV_FISH_SCI;ECOL_SOC;1
ECOHYDROLOGY;PHYS_CHEM_EARTH;1
J_GREAT_LAKES_RES;AQUAT_ECOL;1
MAR_ENVIRON_RES;J_SEA_RES;1
WATER_SCI_TECHNOL;J_HYDROL;1
RIVER_RES_APPL;ECOLOGY;1
GEOPHYS_RES_LETT;QUATERNARY_RES;1
ECOL_MODEL;CONT_SHELF_RES;1
ENVIRON_MANAGE;CATENA;1
BIOSCIENCE;BIOL_CONSERV;1
J_ANIM_ECOL;CONSERV_BIOL;1
ENVIRON_SCI_TECHNOL;ENVIRON_MONIT_ASSESS;1
ECOL_MODEL;MAR_CHEM;1
J_HYDROL;ECOLOGY;1
WATER_ENVIRON_RES;WATER_RES;1
J_FISH_BIOL;FISHERIES;1
WATER_RESOUR_RES;WATER_INT;1
GEODERMA;CATENA;1
MAR_POLLUT_BULL;AQUAT_CONSERV;1
ECOHYDROLOGY;ECOL_SOC;1
J_ENVIRON_QUAL;ENVIRON_MONIT_ASSESS;1
ECOHYDROLOGY;ECOL_MODEL;1
J_PLANKTON_RES;FRESHWATER_BIOL;1
AQUAT_SCI;INT_REV_HYDROBIOL;1
ECOHYDROLOGY;EARTH-SCI_REV;1
CAN_J_ZOOL;MAR_BIOL;1
MAR_POLLUT_BULL;ENVIRON_MODELL_SOFTW;1
BIOL_J_LINN_SOC;BIOL_CONSERV;1
PLANT_ECOL;ECOL_MODEL;1
ECOL_FRESHW_FISH;SOUTHEAST_NAT;1
FISHERIES_MANAG_ECOL;MOL_ECOL;1
J_N_AMER_BENTHOL_SOC;J_FRESHWATER_ECOL;1
GEOPHYS_RES_LETT;J_GEOL;1
QUATERNARY_SCI_REV;CONT_SHELF_RES;1
ESTUAR_COAST_SHELF_SCI;WATER_RES;1
OECOLOGIA;BIOSCIENCE;1
MAR_ECOL-PROGR_SER;MAR_POLLUT_BULL;1
MICROBIAL_ECOL;OECOLOGIA;1
WETLANDS;RIVER_RES_APPL;1
ECOHYDROLOGY;J_ENVIRON_MANAGE;1
J_SHELLFISH_RES;MAR_FRESHWATER_RES;1
RIVER_RES_APPL;J_HYDROMETEOROL;1
FISH_RES;J_APPL_ICHTHYOL;1
PHYS_GEOGR;J_HYDROL_ENG;1
NORTH_AM_J_FISH_MANAGE;ECOSYSTEMS;1
FISH_RES;INT_REV_HYDROBIOL;1
ENVIRON_MODELL_SOFTW;ENVIRON_MONIT_ASSESS;1
OIKOS;ECOL_LETT;1
HYDROBIOLOGIA;BIOL_CONSERV;1
J_ENVIRON_QUAL;GROUND_WATER;1
ECOLOGY;PROG_OCEANOGR;1
WATER_SCI_TECHNOL;J_HYDROINFORM;1
FISHERIES_OCEANOGR;J_MARINE_SYST;1
ENVIRON_MANAGE;MAR_ENVIRON_RES;1
GEOCHIM_COSMOCHIM_ACTA;J_HYDROL;1
ESTUAR_COAST_SHELF_SCI;FRESEN_ENVIRON_BULL;1
NORTH_AM_J_FISH_MANAGE;GROUND_WATER;1
BIOGEOCHEMISTRY;ECOL_FRESHW_FISH;1
CAN_J_ZOOL;ENVIRON_BIOL_FISH;1
EARTH_PLANET_SCI_LETT;QUATERN_INT;1
ECOL_MODEL;J_FISH_BIOL;1
ECOL_APPL;HYDROBIOLOGIA;1
J_ENVIRON_QUAL;RIVER_RES_APPL;1
SCI_TOTAL_ENVIR;ECOL_FRESHW_FISH;1
AQUAT_GEOCHEM;GEOPHYS_RES_LETT;1
BIOGEOSCIENCES;FRONT_ECOL_ENVIRON;1
J_HYDROL;J_CLIMATE;1
ESTUARIES_COASTS;ENVIRON_BIOL_FISH;1
NORTHWEST_SCI;MOL_ECOL;1
DEEP-SEA_RES_PT_I-OCEANOG_RES;J_OCEANOGR;1
ECOL_APPL;BIOGEOCHEMISTRY;1
J_PALEOLIMNOL;HYDROBIOLOGIA;1
AQUAT_BOT;J_EXP_MAR_BIOL_ECOL;1
QUATERNARY_SCI_REV;GEOLOGY;1
J_ENVIRON_MANAGE;RIVER_RES_APPL;1
OECOLOGIA;J_APPL_ICHTHYOL;1
MAR_FRESHWATER_RES;ECOL_SOC;1
J_GEOL;QUATERNARY_RES;1
SEDIMENTOLOGY;GEOMORPHOLOGY;1
AQUAT_CONSERV;FISHERIES;1
AGR_FOREST_METEOROL;J_HYDROL;1
AQUAT_SCI;J_EXP_BIOL;1
J_ENVIRON_MANAGE;APPL_GEOCHEM;1
ECOL_SOC;FRESHWATER_BIOL;1
GEOMORPHOLOGY;AGR_WATER_MANAGE;1
J_APPL_ICHTHYOL;AQUACULTURE;1
ECOL_APPL;J_ENVIRON_QUAL;1
HOLOCENE;QUATERNARY_SCI_REV;1
RIVER_RES_APPL;PLANT_ECOL;1
HYDROLOG_SCI_J;J_HYDROMETEOROL;1
EARTH_PLANET_SCI_LETT;GEODERMA;1
J_AM_WATER_RESOUR_ASSOC;PHYS_CHEM_EARTH;1
ENVIRON_SCI_TECHNOL;WATER_ENVIRON_RES;1
J_PHYS_OCEANOGR;OCEAN_MODEL;1
J_N_AMER_BENTHOL_SOC;ZOOL_STUD;1
ECOL_MODEL;OIKOS;1
EVOL_APPL;ECOL_FRESHW_FISH;1
J_AM_WATER_RESOUR_ASSOC;J_HYDROMETEOROL;1
J_N_AMER_BENTHOL_SOC;J_ANIM_ECOL;1
FRESHWATER_BIOL;FISH_RES;1
TRANS_ASABE;J_ENVIRON_QUAL;1
ENVIRON_MANAGE;ENVIRON_BIOL_FISH;1
J_AM_WATER_RESOUR_ASSOC;GROUND_WATER;1
AQUAT_CONSERV;ECOL_SOC;1
HYDROL_RES;GEOMORPHOLOGY;1
ENVIRON_MODELL_SOFTW;MAR_CHEM;1
HYDROL_EARTH_SYST_SCI;REMOTE_SENS_ENVIRON;1
NORTH_AM_J_FISH_MANAGE;J_HYDROL;1
AFR_J_AQUAT_SCI;ENVIRON_POLLUT;1
MAR_FRESHWATER_RES;ECOL_MODEL;1
HYDROL_PROCESS;J_CONTAM_HYDROL;1
WEST_NORTH_AM_NATURALIST;ECOSYSTEMS;1
J_MARINE_SYST;MAR_ENVIRON_RES;1
MAR_FRESHWATER_RES;WATER_INT;1
BIOL_INVASIONS;SOUTHEAST_NAT;1
HYDROGEOL_J;J_HYDROL_ENG;1
CHEM_GEOL;AQUAT_GEOCHEM;1
ENVIRON_GEOL;QUATERNARY_SCI_REV;1
MOL_ECOL;EVOL_APPL;1
APPL_GEOCHEM;SEDIMENT_GEOL;1
RIVER_RES_APPL;HYDROGEOL_J;1
NORTH_AM_J_FISH_MANAGE;BEHAV_ECOL;1
WETLANDS;LIMNOL_OCEANOGR;1
DEEP-SEA_RES_PT_I-OCEANOG_RES;PROG_OCEANOGR;1
QUATERNARY_SCI_REV;QUATERNARY_RES;1
GEOLOGY;QUATERNARY_SCI_REV;1
ESTUARIES_COASTS;WATER_ENVIRON_RES;1
J_OCEANOGR;MAR_CHEM;1
J_ENVIRON_MANAGE;ENVIRON_MONIT_ASSESS;1
AQUAT_ECOL;INT_REV_HYDROBIOL;1
BIOL_CONSERV;CONSERV_GENET;1
J_APPL_ECOL;J_ECOL;1
GEODERMA;APPL_GEOCHEM;1
Z_GEOMORPHOLOGIE;HOLOCENE;1
APPL_ENVIRON_MICROBIOL;AQUAT_BOT;1
ENVIRON_POLLUT;AMBIO;1
CHEM_GEOL;OECOLOGIA;1
QUATERNARY_SCI_REV;ENVIRON_GEOL;1
ICES_J_MAR_SCI;J_PHYS_OCEANOGR;1
ECOL_SOC;ENVIRON_MANAGE;1
FISHERIES_SCIENCE;ECOL_FRESHW_FISH;1
J_ENVIRON_QUAL;BIOGEOCHEMISTRY;1
ENVIRON_BIOL_FISH;FISHERIES;1
ENVIRON_GEOL;ENVIRON_POLLUT;1
RIVER_RES_APPL;ECOL_FRESHW_FISH;1
J_HYDROL_ENG;ECOL_MODEL;1
J_ENVIRON_MANAGE;ECOL_MODEL;1
ECOHYDROLOGY;AGR_FOREST_METEOROL;1
MAR_ECOL-PROGR_SER;RIVER_RES_APPL;1
NORTH_AM_J_FISH_MANAGE;HYDROLOG_SCI_J;1
QUATERNARY_SCI_REV;ENVIRON_MONIT_ASSESS;1
J_HYDROL;MAR_POLLUT_BULL;1
OECOLOGIA;J_MARINE_SYST;1
ECOHYDROLOGY;CATENA;1
J_AM_WATER_RESOUR_ASSOC;ECOL_APPL;1
ENVIRON_MANAGE;WATER_RES;1
WATER_RESOUR_RES;ENVIRON_MANAGE;1
GEOPHYS_RES_LETT;RIVER_RES_APPL;1
MAR_ECOL-PROGR_SER;MAR_CHEM;1
ECOL_FRESHW_FISH;J_GREAT_LAKES_RES;1
CONSERV_BIOL;OIKOS;1
AMER_NATURALIST;J_GREAT_LAKES_RES;1
ENVIRON_GEOL;GEOMORPHOLOGY;1
J_AM_WATER_RESOUR_ASSOC;J_ENVIRON_QUAL;1
J_GREAT_LAKES_RES;ENVIRON_BIOL_FISH;1
MAR_GEOLOGY;J_GEOL;1
ENVIRON_GEOL;FRESEN_ENVIRON_BULL;1
TRANS_AMER_FISH_SOC;SOUTHEAST_NAT;1
J_ENVIRON_ENG-ASCE;ENVIRON_MONIT_ASSESS;1
GEOMORPHOLOGY;PROG_PHYS_GEOG;1
GEOMORPHOLOGY;HOLOCENE;1
BIOSCIENCE;MOL_ECOL;1
ECOL_MODEL;INT_J_REMOTE_SENS;1
HYDROBIOLOGIA;AFR_J_AQUAT_SCI;1
WATER_INT;PHYS_CHEM_EARTH;1
AFR_J_AQUAT_SCI;ENVIRON_MANAGE;1
ECOSYSTEMS;J_HYDROL;1
J_EXP_MAR_BIOL_ECOL;J_ENVIRON_ENG-ASCE;1
OCEANOGRAPHY;LIMNOL_OCEANOGR;1
REMOTE_SENS_ENVIRON;ECOL_MODEL;1
ECOLOGY;ECOL_FRESHW_FISH;1
ESTUAR_COAST_SHELF_SCI;BIOL_INVASIONS;1
WATER_RES;APPL_GEOCHEM;1
J_APPL_ICHTHYOL;ECOL_FRESHW_FISH;1
RIVER_RES_APPL;ECOL_SOC;1
WATER_ENVIRON_RES;PHYS_CHEM_EARTH;1
SCI_TOTAL_ENVIR;GEODERMA;1
AQUAT_SCI;AQUAT_BOT;1
HYDROL_PROCESS;ECOSYSTEMS;1
J_FISH_BIOL;ECOL_MODEL;1
NORTH_AM_J_FISH_MANAGE;NORTHEAST_NAT;1
ENVIRON_GEOL;WATER_RES;1
HYDROLOG_SCI_J;WATER_RESOUR_MANAG;1
WATER_SCI_TECHNOL;ENVIRON_MANAGE;1
CATENA;ENG_GEOL;1
WATER_ENVIRON_RES;WATER_SA;1
FUNDAM_APPL_LIMNOL;OIKOS;1
QUATERNARY_SCI_REV;BIOGEOCHEMISTRY;1
ARCT_ANTARCT_ALP_RES;QUATERN_INT;1
ENVIRON_GEOL;HYDROL_PROCESS;1
BIOGEOSCIENCES;ENVIRON_MANAGE;1
ESTUAR_COAST_SHELF_SCI;ECOL_APPL;1
WATER_SA;FRESHWATER_BIOL;1
HYDROL_PROCESS;GLOBAL_PLANET_CHANGE;1
J_HYDROL;QUATERNARY_SCI_REV;1
WATER_ENVIRON_RES;ENVIRON_MONIT_ASSESS;1
ENVIRON_MANAGE;J_APPL_ICHTHYOL;1
ENVIRON_POLLUT;ENVIRON_MANAGE;1
WETLANDS;J_ECOL;1
J_APPL_ICHTHYOL;NEOTROP_ICHTHYOL;1
ACTA_OCEANOL_SIN;GEOMORPHOLOGY;1
EARTH_PLANET_SCI_LETT;CATENA;1
NORTHEAST_NAT;MOL_ECOL;1
AGR_WATER_MANAGE;HYDROL_PROCESS;1
GEOGR_FIS_DIN_QUAT;CONT_SHELF_RES;1
ENVIRON_MANAGE;GEOMORPHOLOGY;1
BIOGEOCHEMISTRY;AMBIO;1
CATENA;J_ENVIRON_MANAGE;1
NEOTROP_ICHTHYOL;J_APPL_ICHTHYOL;1
J_N_AMER_BENTHOL_SOC;J_APPL_ECOL;1
GEOGR_ANN_SER_A-PHYS_GEOGR;J_HYDROL;1
CAN_J_FISHERIES_AQUAT_SCI;J_GREAT_LAKES_RES;1
AQUAT_ECOL;GEOMORPHOLOGY;1
J_WATER_RESOUR_PLAN_MAN-ASCE;J_CLIMATE;1
ECOL_APPL;AQUAT_SCI;1
MAR_CHEM;ENVIRON_MONIT_ASSESS;1
C_R_GEOSCI;CONT_SHELF_RES;1
WATER_SA;ECOL_FRESHW_FISH;1
HYDROBIOLOGIA;HYDROL_PROCESS;1
MAR_ECOL-PROGR_SER;ICES_J_MAR_SCI;1
HYDROLOG_SCI_J;CATENA;1
PLANT_ECOL;J_ECOL;1
ECOL_FRESHW_FISH;OECOLOGIA;1
WATER_RES;BIOGEOCHEMISTRY;1
TECTONOPHYSICS;GEOLOGY;1
ENVIRON_MONIT_ASSESS;HYDROBIOLOGIA;1
ENVIRON_SCI_TECHNOL;HYDROBIOLOGIA;1
ECOLOGY;BIOGEOCHEMISTRY;1
INT_J_CLIMATOL;J_HYDROMETEOROL;1
